Person,Friendships
184,1
344,1
635,1
867,1
1296,1
1358,1
1425,1
1501,1
1505,1
1845,1
2521,1
2634,1
2736,1
2867,1
3099,1
3230,1
3476,1
3561,1
3593,1
3694,1
3764,1
3823,1
3842,1
3936,1
4021,1
4409,1
4626,1
4913,1
5019,1
5141,1
5264,1
5660,1
5666,1
5884,1
5964,1
6105,1
6291,1
6457,1
6713,1
6923,1
8062,1
8202,1
8228,1
8239,1
8254,1
8562,1
8630,1
8671,1
8722,1
9333,1
9367,1
9372,1
9520,1
9651,1
9831,1
10053,1
10254,1
10678,1
10829,1
10834,1
10925,1
11082,1
11277,1
11324,1
11342,1
11485,1
12034,1
12065,1
12239,1
12307,1
12511,1
12618,1
12673,1
12792,1
12825,1
12970,1
13031,1
13162,1
13321,1
13702,1
13847,1
13971,1
14154,1
14544,1
14681,1
14731,1
15061,1
15297,1
15383,1
15437,1
15744,1
15787,1
15804,1
15873,1
16309,1
16353,1
16793,1
16964,1
17101,1
17360,1
17717,1
18125,1
18364,1
18371,1
1629,2
1736,2
2872,2
3000,2
3009,2
3526,2
3560,2
3789,2
3904,2
4314,2
4730,2
4810,2
5127,2
5490,2
6179,2
6480,2
6779,2
7564,2
7753,2
7911,2
8043,2
8380,2
8885,2
9146,2
9274,2
9892,2
9909,2
9930,2
10130,2
10282,2
10487,2
11004,2
11253,2
11403,2
11925,2
12075,2
13047,2
13272,2
13362,2
13369,2
14379,2
14598,2
14713,2
14730,2
15065,2
15312,2
15371,2
15408,2
15571,2
16879,2
16958,2
17105,2
17370,2
17767,2
18007,2
18023,2
18307,2
18457,2
354,3
633,3
950,3
1011,3
1410,3
1451,3
1558,3
1835,3
1966,3
2122,3
2339,3
2444,3
2466,3
2988,3
3081,3
3209,3
3262,3
3310,3
3483,3
3629,3
3948,3
4998,3
5041,3
5317,3
5795,3
6107,3
6191,3
7259,3
7569,3
7812,3
7978,3
8003,3
8013,3
8021,3
8959,3
9039,3
9404,3
9514,3
9696,3
9895,3
10217,3
10605,3
10774,3
11008,3
11346,3
11651,3
12474,3
12524,3
13011,3
13171,3
13419,3
14086,3
14200,3
14565,3
14684,3
15169,3
15172,3
15448,3
16158,3
16415,3
16830,3
17023,3
17041,3
17128,3
17307,3
17473,3
17487,3
17526,3
17708,3
18449,3
5,4
203,4
501,4
688,4
813,4
975,4
1217,4
1221,4
1446,4
1913,4
1920,4
1921,4
2007,4
2479,4
3221,4
3347,4
3533,4
3537,4
3650,4
3713,4
4270,4
4300,4
4409,4
4509,4
4669,4
4940,4
5372,4
5789,4
6306,4
6589,4
6870,4
7342,4
7599,4
7943,4
8967,4
9457,4
10153,4
10180,4
10461,4
10472,4
10510,4
10796,4
10802,4
10935,4
11821,4
11843,4
11893,4
12451,4
13684,4
13836,4
13935,4
14169,4
14183,4
14221,4
14455,4
14815,4
15157,4
15212,4
15355,4
15599,4
15657,4
16336,4
16458,4
16643,4
16833,4
17107,4
17144,4
17271,4
17699,4
17747,4
17957,4
18170,4
18173,4
18655,4
184,5
226,5
493,5
723,5
1093,5
1338,5
1347,5
1369,5
1371,5
1858,5
1874,5
1979,5
2053,5
2071,5
2096,5
2153,5
2285,5
2371,5
2423,5
2475,5
2520,5
2621,5
2699,5
2767,5
3107,5
3144,5
3248,5
3476,5
3562,5
3686,5
3704,5
3873,5
4022,5
4306,5
4403,5
4674,5
4727,5
4770,5
5264,5
5374,5
5383,5
5594,5
5740,5
5888,5
5903,5
6044,5
6159,5
6352,5
6692,5
6949,5
6950,5
7138,5
7153,5
7185,5
7277,5
7297,5
7396,5
7531,5
7555,5
7567,5
7577,5
7641,5
7726,5
7774,5
7982,5
8041,5
8176,5
8284,5
8305,5
8336,5
8466,5
8469,5
8590,5
8647,5
8967,5
9302,5
9407,5
9569,5
9662,5
9673,5
9706,5
9769,5
9969,5
10272,5
10273,5
10426,5
10459,5
10607,5
10914,5
11168,5
11345,5
11394,5
11395,5
11746,5
11907,5
11928,5
11967,5
11993,5
12074,5
12095,5
12180,5
12258,5
12471,5
12817,5
13178,5
13415,5
13526,5
13544,5
13564,5
13791,5
13871,5
13893,5
13918,5
14083,5
14188,5
14235,5
14284,5
14639,5
14677,5
14733,5
14996,5
15078,5
15087,5
15657,5
15671,5
15858,5
15926,5
15937,5
15954,5
16092,5
16118,5
16122,5
16163,5
16208,5
16243,5
16277,5
16453,5
16621,5
16683,5
16892,5
16913,5
16964,5
17090,5
17271,5
17386,5
17483,5
17507,5
17836,5
18038,5
18109,5
18184,5
18231,5
18236,5
18412,5
18465,5
18486,5
156,6
259,6
348,6
371,6
417,6
653,6
727,6
766,6
935,6
1325,6
1338,6
1423,6
1476,6
2423,6
2858,6
3295,6
3311,6
3873,6
5255,6
5567,6
5568,6
5666,6
5903,6
5952,6
6387,6
6996,6
7377,6
8383,6
8590,6
8914,6
9273,6
9302,6
9747,6
9865,6
10139,6
10356,6
10568,6
10611,6
10812,6
11072,6
11730,6
12074,6
12211,6
12382,6
12830,6
13652,6
13728,6
14023,6
15026,6
16593,6
16705,6
16913,6
17059,6
17165,6
17334,6
17630,6
18243,6
18384,6
200,7
386,7
427,7
521,7
753,7
766,7
854,7
917,7
1218,7
1339,7
1574,7
1616,7
2447,7
2486,7
2517,7
2698,7
2783,7
2784,7
3133,7
3295,7
3437,7
3472,7
3558,7
3569,7
3728,7
3802,7
3936,7
3978,7
4578,7
4704,7
4719,7
4759,7
4853,7
4870,7
4891,7
5487,7
5568,7
5627,7
5923,7
5939,7
6020,7
6022,7
6199,7
6780,7
6791,7
6838,7
6965,7
7182,7
7189,7
7450,7
7492,7
7501,7
7530,7
7721,7
7722,7
7875,7
7923,7
8004,7
8351,7
8510,7
8538,7
8625,7
8677,7
8800,7
9222,7
9262,7
9696,7
9921,7
10065,7
10149,7
10152,7
10172,7
10243,7
10262,7
10264,7
10275,7
10307,7
10457,7
10614,7
10657,7
10659,7
10886,7
10914,7
10946,7
10987,7
11054,7
11064,7
11077,7
11221,7
11237,7
11260,7
11363,7
11495,7
11824,7
11919,7
12091,7
12194,7
12336,7
12345,7
12608,7
12846,7
12987,7
13202,7
13610,7
13766,7
13780,7
14019,7
14119,7
14238,7
14433,7
14895,7
15026,7
15326,7
15376,7
15531,7
15680,7
15733,7
15831,7
15851,7
16130,7
16212,7
16393,7
16450,7
16574,7
16708,7
16756,7
16763,7
16898,7
17060,7
17161,7
17168,7
17379,7
17562,7
17779,7
17901,7
17960,7
17982,7
18102,7
18192,7
18401,7
18471,7
18473,7
75,8
130,8
141,8
169,8
180,8
202,8
333,8
344,8
346,8
399,8
453,8
608,8
658,8
726,8
747,8
820,8
1034,8
1162,8
1168,8
1248,8
1255,8
1393,8
1399,8
1428,8
1437,8
1441,8
1488,8
1504,8
1534,8
1597,8
1608,8
1644,8
1705,8
1714,8
1726,8
2046,8
2222,8
2287,8
2301,8
2372,8
2420,8
2442,8
2645,8
2724,8
2738,8
2935,8
2969,8
3051,8
3292,8
3433,8
3513,8
3563,8
3628,8
3649,8
3735,8
4067,8
4297,8
4452,8
4579,8
4689,8
4925,8
5206,8
5212,8
5420,8
5465,8
5478,8
5523,8
5745,8
5748,8
5926,8
5964,8
6038,8
6538,8
6623,8
6775,8
6807,8
7173,8
7468,8
7572,8
7655,8
7717,8
7822,8
7843,8
7858,8
7876,8
7968,8
8044,8
8147,8
8201,8
8211,8
8227,8
8432,8
8528,8
8644,8
8805,8
8922,8
8962,8
9090,8
9099,8
9106,8
9217,8
9220,8
9296,8
9346,8
9443,8
9580,8
9595,8
9651,8
9653,8
9778,8
9815,8
9893,8
9898,8
9985,8
10032,8
10033,8
10055,8
10220,8
10359,8
10401,8
10844,8
10977,8
11162,8
11189,8
11209,8
11244,8
11369,8
11468,8
11572,8
11706,8
11715,8
11731,8
11818,8
11925,8
11954,8
11958,8
12058,8
12166,8
12407,8
12462,8
12530,8
12540,8
12630,8
12915,8
12932,8
12984,8
13021,8
13231,8
13368,8
13407,8
13482,8
13510,8
13579,8
13595,8
13613,8
13622,8
13637,8
13677,8
13681,8
13784,8
13915,8
14020,8
14266,8
14268,8
14291,8
14379,8
14517,8
14522,8
14533,8
14563,8
14596,8
14621,8
14650,8
14656,8
14784,8
14794,8
14998,8
15007,8
15315,8
15429,8
15470,8
15497,8
15585,8
15633,8
15826,8
15904,8
15917,8
15946,8
16041,8
16056,8
16087,8
16112,8
16125,8
16315,8
16382,8
16429,8
16435,8
16533,8
16723,8
16957,8
16963,8
16988,8
17005,8
17230,8
17275,8
17306,8
17410,8
17435,8
17482,8
17516,8
17590,8
17655,8
17768,8
17790,8
17921,8
17946,8
18010,8
18274,8
18355,8
18364,8
18451,8
18468,8
18526,8
18536,8
18592,8
582,9
821,9
1086,9
1140,9
1200,9
1622,9
1749,9
2351,9
2656,9
2993,9
3474,9
3652,9
3679,9
3686,9
3774,9
5964,9
6282,9
6712,9
6839,9
7356,9
7465,9
7534,9
7632,9
7817,9
8215,9
8236,9
8502,9
9026,9
9408,9
9612,9
11036,9
11246,9
11470,9
11934,9
12682,9
12833,9
13106,9
13203,9
13293,9
13298,9
13772,9
13872,9
13904,9
13921,9
13975,9
14203,9
14417,9
14512,9
14549,9
14675,9
15570,9
15689,9
15784,9
16011,9
16328,9
16627,9
17741,9
285,10
323,10
339,10
419,10
570,10
769,10
954,10
1013,10
1186,10
1376,10
1377,10
1496,10
1550,10
1625,10
1724,10
1787,10
1868,10
1869,10
1978,10
2271,10
2336,10
2464,10
2533,10
2564,10
2616,10
2627,10
2634,10
2635,10
2662,10
2767,10
2855,10
2920,10
3046,10
3318,10
3407,10
3732,10
3756,10
3883,10
3887,10
3983,10
4059,10
4119,10
4215,10
4258,10
4409,10
4462,10
5176,10
5415,10
5462,10
5491,10
5686,10
5703,10
6228,10
6445,10
6543,10
6825,10
6909,10
6932,10
6941,10
6993,10
7070,10
7373,10
7388,10
7416,10
7466,10
7734,10
8117,10
8145,10
8232,10
8370,10
8688,10
8715,10
8762,10
8982,10
9076,10
9248,10
9275,10
9364,10
9563,10
9672,10
9676,10
9746,10
9812,10
9988,10
10095,10
10142,10
10165,10
10219,10
10287,10
10492,10
10693,10
10860,10
10888,10
10912,10
10919,10
11102,10
11138,10
11261,10
11431,10
11586,10
11596,10
11605,10
11650,10
11655,10
11715,10
11787,10
11913,10
12069,10
12200,10
12212,10
12784,10
12894,10
12922,10
12970,10
12998,10
13126,10
13166,10
13190,10
13504,10
13510,10
13578,10
13758,10
13908,10
14091,10
14111,10
14358,10
14483,10
14572,10
14692,10
14978,10
15128,10
15139,10
15306,10
15459,10
15750,10
15903,10
15910,10
15968,10
16000,10
16170,10
16314,10
16500,10
16637,10
16657,10
16795,10
16882,10
17071,10
17214,10
17237,10
17584,10
17668,10
17697,10
17856,10
18037,10
18135,10
18213,10
18414,10
18483,10
403,11
453,11
582,11
668,11
793,11
929,11
1102,11
1737,11
1766,11
2008,11
2377,11
2548,11
2662,11
2788,11
2920,11
3234,11
4147,11
4264,11
4599,11
5499,11
5532,11
5791,11
6011,11
6675,11
6904,11
7208,11
7554,11
7788,11
7857,11
8091,11
8333,11
8535,11
8741,11
8963,11
9088,11
9190,11
9228,11
9465,11
9695,11
9755,11
10317,11
10348,11
10507,11
10959,11
11330,11
11385,11
11742,11
11949,11
12079,11
12144,11
12179,11
13081,11
13487,11
14543,11
14714,11
14855,11
14956,11
15133,11
15248,11
15873,11
16661,11
16695,11
16815,11
16943,11
17124,11
17443,11
17680,11
17710,11
17989,11
18023,11
18168,11
3121,12
9443,12
6734,13
1387,14
4161,14
4662,14
12107,14
12332,14
13292,14
15691,14
47,15
245,15
937,15
1660,15
2821,15
3165,15
3388,15
3547,15
3693,15
3825,15
3998,15
4358,15
4462,15
4480,15
4722,15
4762,15
5880,15
5949,15
6095,15
6496,15
6622,15
6919,15
6958,15
6995,15
7377,15
7744,15
7849,15
8096,15
8362,15
8444,15
8476,15
9131,15
9274,15
9295,15
9354,15
9412,15
9589,15
10949,15
11436,15
11760,15
11782,15
12376,15
13008,15
13099,15
13909,15
15163,15
15454,15
15839,15
15909,15
16001,15
16336,15
16578,15
16779,15
16931,15
17059,15
17630,15
17653,15
17818,15
18311,15
18328,15
18541,15
18566,15
795,16
2552,16
9921,16
12242,16
15555,16
15579,16
15595,16
16956,16
17703,16
102,17
165,17
194,17
219,17
251,17
253,17
387,17
390,17
583,17
593,17
719,17
851,17
873,17
912,17
1107,17
1476,17
1718,17
2150,17
2214,17
2280,17
2417,17
2418,17
2540,17
2724,17
2896,17
3123,17
3363,17
3429,17
3703,17
3866,17
3932,17
4210,17
4229,17
4357,17
4482,17
4570,17
4715,17
4855,17
4960,17
5298,17
5330,17
5710,17
5944,17
6126,17
6304,17
6380,17
6509,17
6611,17
6614,17
6924,17
6939,17
7058,17
7355,17
7430,17
7433,17
7442,17
8065,17
8121,17
8124,17
8221,17
8376,17
8391,17
8436,17
8589,17
8597,17
8670,17
8707,17
8811,17
8905,17
8971,17
8984,17
8995,17
9015,17
9329,17
9335,17
9468,17
9588,17
9644,17
9651,17
9892,17
10020,17
10245,17
10252,17
10382,17
10690,17
10732,17
10763,17
10920,17
11030,17
11244,17
11419,17
11529,17
12169,17
12306,17
12403,17
12408,17
12574,17
12577,17
12597,17
12673,17
12677,17
12711,17
12788,17
12797,17
12936,17
13198,17
13275,17
13289,17
13393,17
13520,17
13534,17
13613,17
13714,17
13786,17
13885,17
13970,17
14105,17
14234,17
14266,17
14486,17
14531,17
14792,17
14821,17
15051,17
15086,17
15379,17
15633,17
15767,17
15782,17
15808,17
15982,17
16024,17
16035,17
16112,17
16495,17
16637,17
16679,17
16705,17
16740,17
16747,17
16793,17
16813,17
17008,17
17283,17
17373,17
17788,17
17870,17
17884,17
18051,17
18280,17
18288,17
18427,17
75,18
685,18
1488,18
1955,18
2135,18
2415,18
2526,18
2981,18
3054,18
3123,18
3703,18
4438,18
5105,18
5127,18
5475,18
6698,18
7219,18
7300,18
7423,18
7489,18
7845,18
8124,18
8201,18
8364,18
8492,18
8644,18
8672,18
8790,18
9507,18
10011,18
10145,18
10305,18
10315,18
10984,18
11173,18
11276,18
11669,18
12618,18
13714,18
14074,18
14231,18
14478,18
15312,18
15571,18
16353,18
17818,18
18559,18
758,19
3192,19
3922,19
4412,19
6160,19
6714,19
8300,19
9953,19
10247,19
13993,19
14040,19
15537,19
16134,19
16301,19
17027,19
17783,19
297,20
539,20
1024,20
1286,20
2194,20
2687,20
3128,20
3237,20
3409,20
4618,20
4734,20
5980,20
6558,20
6739,20
6967,20
6972,20
7375,20
7587,20
8352,20
8525,20
9323,20
10186,20
10356,20
11127,20
11226,20
11439,20
11848,20
11908,20
13240,20
15686,20
16363,20
16747,20
17096,20
17311,20
17957,20
18414,20
1113,21
1448,21
1508,21
2532,21
3030,21
3391,21
4198,21
4350,21
4478,21
4575,21
5072,21
5126,21
5292,21
5433,21
5449,21
5475,21
5518,21
5906,21
6623,21
7018,21
7193,21
7194,21
7303,21
7523,21
7642,21
8317,21
8755,21
9208,21
9756,21
10669,21
10877,21
11015,21
11120,21
11596,21
11632,21
11970,21
12317,21
12703,21
12936,21
12941,21
13037,21
13159,21
13511,21
13876,21
14049,21
14194,21
14800,21
15728,21
15788,21
15968,21
16057,21
16456,21
16957,21
17852,21
18082,21
18254,21
18464,21
355,22
1600,22
2521,22
2802,22
3128,22
3225,22
3358,22
3541,22
3736,22
4183,22
4482,22
4844,22
5692,22
6381,22
6649,22
6654,22
7361,22
7680,22
7853,22
8023,22
8199,22
8201,22
8971,22
9045,22
9168,22
9225,22
9352,22
10332,22
10559,22
10790,22
10875,22
11230,22
11799,22
11868,22
12797,22
13005,22
13736,22
13824,22
13970,22
14509,22
14582,22
15411,22
15441,22
15708,22
16125,22
17027,22
17273,22
17458,22
17781,22
18074,22
18234,22
18417,22
18644,22
712,23
2223,23
2998,23
4055,23
5147,23
6101,23
7276,23
7679,23
7752,23
7781,23
9553,23
9584,23
10304,23
10902,23
11207,23
11359,23
12720,23
14367,23
14558,23
14882,23
15256,23
16190,23
16287,23
17337,23
17742,23
18261,23
18314,23
18597,23
599,24
879,24
1102,24
2013,24
2142,24
2308,24
2441,24
2804,24
2950,24
3141,24
3513,24
3623,24
3773,24
4385,24
4809,24
4978,24
5084,24
5537,24
5647,24
6155,24
6419,24
6470,24
6805,24
6808,24
6935,24
7270,24
7562,24
7623,24
7903,24
7928,24
8180,24
8528,24
9098,24
9417,24
9865,24
10148,24
11151,24
11325,24
11356,24
11666,24
11812,24
12098,24
12168,24
12406,24
12933,24
13203,24
13260,24
13305,24
13533,24
14042,24
14053,24
14413,24
14575,24
14777,24
15225,24
15416,24
15651,24
16226,24
16993,24
17011,24
17072,24
17215,24
17402,24
17957,24
17976,24
18547,24
308,25
1147,25
1513,25
1701,25
1812,25
1841,25
2067,25
2187,25
2207,25
3135,25
4411,25
4458,25
4831,25
4871,25
5990,25
6504,25
6547,25
6943,25
7228,25
7438,25
8174,25
8388,25
9068,25
9920,25
10048,25
10609,25
10725,25
11025,25
11287,25
11601,25
12414,25
12565,25
12791,25
12892,25
13003,25
13116,25
13167,25
14041,25
14196,25
14315,25
14508,25
14647,25
15487,25
15636,25
16112,25
16666,25
16788,25
17739,25
17987,25
18360,25
1754,26
2301,26
2441,26
3973,26
4472,26
4560,26
5436,26
7186,26
8255,26
8945,26
9080,26
9177,26
9530,26
9599,26
9653,26
10633,26
12407,26
12417,26
12465,26
14545,26
16861,26
17005,26
17410,26
2631,27
2731,27
3631,27
4181,27
8781,27
11294,27
13041,27
13939,27
14047,27
14385,27
15471,27
16126,27
17479,27
18067,27
383,28
848,28
989,28
1241,28
1253,28
1364,28
1521,28
1761,28
1825,28
2394,28
2768,28
2833,28
3024,28
3318,28
3428,28
3725,28
3916,28
4186,28
4440,28
5099,28
5239,28
5448,28
5483,28
5587,28
5732,28
5765,28
5902,28
6097,28
6778,28
6816,28
7086,28
7392,28
8056,28
8203,28
9379,28
9381,28
9451,28
9515,28
9822,28
9956,28
10283,28
10338,28
11104,28
11242,28
11262,28
11448,28
11552,28
12418,28
12840,28
13203,28
13253,28
13337,28
13615,28
13838,28
14468,28
14773,28
14796,28
15028,28
15167,28
15199,28
15412,28
15532,28
15670,28
15819,28
16187,28
16501,28
16539,28
17083,28
17403,28
17481,28
17599,28
17962,28
18357,28
618,29
1006,29
3194,29
4770,29
6823,29
7774,29
12447,29
13945,29
14356,29
15404,29
15939,29
16936,29
17459,29
56,30
240,30
275,30
639,30
949,30
1507,30
2037,30
2140,30
2146,30
2240,30
2525,30
2557,30
2737,30
2806,30
3462,30
3502,30
3670,30
3761,30
3810,30
4168,30
4225,30
4407,30
4671,30
4712,30
4917,30
5174,30
5397,30
5529,30
6002,30
6262,30
6298,30
6412,30
6845,30
6943,30
7104,30
7438,30
7508,30
7671,30
7783,30
8199,30
8603,30
8880,30
8884,30
8971,30
9017,30
9218,30
9636,30
10123,30
10285,30
10689,30
10725,30
10799,30
10870,30
11030,30
11080,30
11090,30
11279,30
11359,30
11490,30
12215,30
12235,30
12510,30
13122,30
13758,30
13765,30
13784,30
13899,30
13955,30
13987,30
14102,30
14647,30
14865,30
15383,30
15575,30
15634,30
15802,30
16195,30
16239,30
16640,30
17153,30
17231,30
17673,30
17811,30
17955,30
18133,30
18208,30
18262,30
18344,30
18355,30
637,31
825,31
938,31
1078,31
1119,31
1256,31
1286,31
1468,31
1538,31
1776,31
2257,31
2338,31
2556,31
2841,31
3372,31
3464,31
3579,31
3607,31
3925,31
4282,31
4586,31
4628,31
4714,31
4929,31
4976,31
4987,31
5118,31
5332,31
5473,31
5689,31
5992,31
6505,31
6802,31
6849,31
6934,31
7155,31
7524,31
7592,31
8014,31
8019,31
8248,31
8363,31
8498,31
8571,31
8710,31
8714,31
8777,31
8941,31
9195,31
9334,31
9772,31
9872,31
9950,31
10173,31
10178,31
10257,31
10368,31
10435,31
10454,31
10637,31
10638,31
10650,31
10703,31
11000,31
11379,31
11395,31
11524,31
11672,31
12314,31
12407,31
12688,31
12761,31
13020,31
13386,31
13589,31
13627,31
13658,31
13767,31
14334,31
14558,31
14695,31
14791,31
14984,31
15084,31
15126,31
15408,31
15578,31
15759,31
16280,31
17335,31
17458,31
17614,31
18041,31
18266,31
18393,31
18553,31
18571,31
18588,31
455,32
668,32
1441,32
1509,32
2494,32
2671,32
3161,32
3945,32
4257,32
4452,32
4600,32
4750,32
4760,32
5778,32
7126,32
7131,32
7305,32
8264,32
8897,32
9100,32
10093,32
10400,32
10633,32
10862,32
11344,32
12260,32
12797,32
15846,32
16810,32
17027,32
18537,32
3690,33
5107,33
5828,33
7585,33
8689,33
10556,33
13556,33
14048,33
99,34
542,34
579,34
820,34
844,34
1296,34
1675,34
1705,34
1707,34
2307,34
2609,34
3823,34
3829,34
3934,34
4280,34
4550,34
4770,34
5284,34
5573,34
6223,34
6324,34
7159,34
7600,34
8211,34
9070,34
9376,34
10451,34
10518,34
11075,34
11527,34
11541,34
12310,34
12521,34
12967,34
13593,34
13622,34
14196,34
14518,34
15038,34
15096,34
15364,34
15577,34
15827,34
15888,34
15945,34
16309,34
16618,34
16722,34
16821,34
16992,34
17516,34
18638,34
318,35
633,35
1091,35
1248,35
1463,35
1737,35
1753,35
1757,35
1786,35
1930,35
1983,35
3287,35
3328,35
3498,35
3851,35
3982,35
4273,35
4279,35
4388,35
4407,35
4535,35
4594,35
4916,35
5549,35
5684,35
5865,35
6040,35
6090,35
6436,35
6604,35
6751,35
6761,35
6854,35
6961,35
7014,35
7163,35
7597,35
7614,35
7768,35
8149,35
8213,35
9222,35
9244,35
9326,35
9455,35
9696,35
9882,35
9956,35
10036,35
10174,35
10224,35
10242,35
10371,35
10534,35
10805,35
11055,35
12022,35
12470,35
12590,35
12905,35
13211,35
13295,35
13484,35
13652,35
13697,35
14296,35
14508,35
14637,35
15320,35
15414,35
15653,35
15741,35
16347,35
16576,35
16616,35
16720,35
16967,35
17847,35
18578,35
154,36
206,36
213,36
268,36
301,36
374,36
525,36
667,36
767,36
828,36
844,36
1115,36
1168,36
1190,36
1228,36
1390,36
1441,36
1497,36
1504,36
1642,36
1726,36
1829,36
1868,36
1997,36
2137,36
2234,36
2396,36
2418,36
2501,36
2544,36
2557,36
2599,36
2617,36
2694,36
3042,36
3293,36
3462,36
3485,36
3543,36
3645,36
3690,36
3700,36
3735,36
3759,36
3840,36
3866,36
3964,36
4119,36
4297,36
4319,36
4383,36
4399,36
4550,36
4712,36
4917,36
4919,36
4939,36
4948,36
5047,36
5204,36
5290,36
5710,36
5817,36
5842,36
5930,36
6030,36
6032,36
6062,36
6106,36
6237,36
6386,36
6449,36
6465,36
6599,36
6664,36
6694,36
6727,36
6788,36
6801,36
6881,36
6942,36
6978,36
7023,36
7138,36
7220,36
7228,36
7271,36
7284,36
7301,36
7326,36
7411,36
7468,36
7485,36
7523,36
7567,36
7594,36
7679,36
7748,36
8053,36
8108,36
8174,36
8233,36
8245,36
8255,36
8347,36
8385,36
8438,36
8581,36
8661,36
8780,36
8799,36
8802,36
9029,36
9070,36
9094,36
9218,36
9231,36
9234,36
9241,36
9338,36
9346,36
9551,36
9644,36
9757,36
9857,36
9939,36
10044,36
10060,36
10179,36
10316,36
10381,36
10401,36
10654,36
10693,36
10764,36
10778,36
11150,36
11206,36
11379,36
11469,36
11510,36
11594,36
11601,36
11730,36
11797,36
11868,36
11883,36
11904,36
11953,36
12057,36
12069,36
12149,36
12178,36
12338,36
12353,36
12382,36
12421,36
12465,36
12486,36
12535,36
12570,36
12579,36
12830,36
12902,36
12924,36
12967,36
12986,36
13122,36
13213,36
13289,36
13457,36
13491,36
13502,36
13524,36
13591,36
13677,36
13738,36
13803,36
13879,36
14268,36
14370,36
14379,36
14463,36
14470,36
14491,36
14518,36
14533,36
14586,36
14593,36
14605,36
15015,36
15091,36
15155,36
15188,36
15324,36
15378,36
15509,36
15527,36
15528,36
15616,36
15786,36
15895,36
16057,36
16142,36
16165,36
16341,36
16594,36
16609,36
16705,36
16844,36
16941,36
16984,36
17019,36
17027,36
17066,36
17117,36
17161,36
17167,36
17182,36
17253,36
17275,36
17314,36
17341,36
17370,36
17482,36
17489,36
17592,36
17649,36
17759,36
17767,36
18016,36
18331,36
18346,36
18381,36
18659,36
154,37
182,37
445,37
448,37
637,37
664,37
796,37
826,37
975,37
1196,37
1399,37
1484,37
1710,37
1722,37
1858,37
2086,37
2275,37
2336,37
2385,37
2443,37
2585,37
2601,37
2716,37
2752,37
2896,37
3106,37
3154,37
3246,37
3352,37
3450,37
3622,37
3773,37
3798,37
3830,37
4001,37
4022,37
4059,37
4098,37
4423,37
4481,37
4603,37
4990,37
5157,37
5415,37
5418,37
6083,37
6228,37
6409,37
6512,37
6933,37
7138,37
7292,37
7312,37
7430,37
7458,37
7498,37
7535,37
7565,37
7579,37
7627,37
7681,37
7761,37
7788,37
7822,37
7870,37
7871,37
7906,37
8128,37
8255,37
8360,37
8738,37
8785,37
9525,37
9549,37
9934,37
10032,37
10193,37
10266,37
10298,37
10389,37
10492,37
10526,37
10540,37
10649,37
10807,37
10866,37
11116,37
11263,37
11385,37
11426,37
11705,37
11821,37
11925,37
12082,37
12135,37
12306,37
12356,37
12451,37
12538,37
12711,37
12718,37
12825,37
12965,37
12992,37
13199,37
13331,37
13344,37
13350,37
13428,37
13618,37
13771,37
13791,37
13902,37
14055,37
14102,37
14124,37
14282,37
14515,37
14541,37
14572,37
14605,37
14692,37
14720,37
14886,37
15582,37
15629,37
15662,37
15785,37
15898,37
16124,37
16292,37
16557,37
16682,37
16701,37
16803,37
16827,37
16931,37
16994,37
17027,37
17101,37
17139,37
17344,37
17510,37
17527,37
17632,37
18059,37
18186,37
18540,37
10093,38
44,39
80,39
316,39
429,39
716,39
768,39
844,39
862,39
1175,39
1307,39
1586,39
1655,39
2113,39
2358,39
2367,39
2428,39
2430,39
2551,39
2679,39
2712,39
2773,39
2952,39
3011,39
3313,39
3458,39
3467,39
3582,39
3608,39
3664,39
3731,39
3941,39
3967,39
4180,39
4201,39
4310,39
4330,39
4373,39
4482,39
4811,39
4837,39
4985,39
4989,39
5078,39
5085,39
5102,39
5129,39
5172,39
5231,39
5452,39
5709,39
5844,39
5977,39
6110,39
6238,39
6709,39
6862,39
7020,39
7323,39
7344,39
7637,39
7643,39
7734,39
7758,39
7802,39
7843,39
7846,39
7861,39
7885,39
7959,39
8023,39
8257,39
8507,39
8564,39
8589,39
8605,39
8623,39
9267,39
9312,39
9478,39
9651,39
9868,39
10036,39
10285,39
10757,39
11188,39
11412,39
11553,39
11559,39
11687,39
11878,39
12007,39
12312,39
12535,39
12668,39
12703,39
12858,39
12860,39
12966,39
13172,39
13216,39
13274,39
13656,39
13806,39
14006,39
14099,39
14205,39
14219,39
14271,39
14294,39
14536,39
14572,39
14628,39
14702,39
14741,39
14851,39
15340,39
15469,39
15481,39
15740,39
15795,39
15808,39
15838,39
15979,39
15989,39
16036,39
16090,39
16112,39
16456,39
16462,39
16724,39
16882,39
16902,39
17083,39
17363,39
17748,39
17820,39
17880,39
18041,39
18051,39
18210,39
18378,39
343,40
485,40
487,40
511,40
644,40
1225,40
1288,40
1755,40
1795,40
2084,40
2122,40
3081,40
3368,40
4295,40
4744,40
4870,40
5265,40
5301,40
5322,40
7043,40
8190,40
8701,40
8740,40
9055,40
9625,40
10149,40
10269,40
10398,40
10774,40
11012,40
11135,40
11397,40
11681,40
11762,40
12752,40
12790,40
13181,40
13248,40
14930,40
15172,40
15480,40
16203,40
16204,40
16868,40
16932,40
17183,40
179,41
276,41
415,41
495,41
686,41
742,41
792,41
944,41
1124,41
1482,41
1769,41
1780,41
1791,41
2094,41
2205,41
2234,41
2532,41
2669,41
2706,41
2723,41
2899,41
3033,41
3391,41
3660,41
3908,41
4162,41
4163,41
5292,41
5425,41
5686,41
5889,41
5898,41
6073,41
6078,41
6207,41
6256,41
6294,41
6678,41
6720,41
6790,41
6948,41
7081,41
7194,41
7344,41
7511,41
7535,41
7701,41
7850,41
7942,41
8007,41
8390,41
8459,41
8728,41
8807,41
9013,41
9070,41
9112,41
9208,41
9312,41
9651,41
9658,41
9735,41
9795,41
9839,41
10084,41
10176,41
10207,41
10350,41
10676,41
10720,41
10820,41
10897,41
10949,41
11061,41
11098,41
11431,41
11439,41
11452,41
11534,41
11602,41
11970,41
12182,41
12352,41
12353,41
12893,41
12932,41
13010,41
13037,41
13147,41
13215,41
13356,41
13601,41
13656,41
13705,41
14016,41
14184,41
14328,41
14447,41
14539,41
14847,41
14851,41
14939,41
15200,41
15605,41
15682,41
15718,41
15848,41
15996,41
16112,41
16473,41
16550,41
16690,41
16732,41
17050,41
17257,41
17272,41
17374,41
17405,41
17449,41
17647,41
17871,41
17876,41
17964,41
18009,41
18054,41
18139,41
18343,41
18362,41
263,42
541,42
894,42
933,42
1841,42
2003,42
2041,42
2213,42
3207,42
5116,42
5322,42
5929,42
6016,42
6314,42
7281,42
9021,42
9077,42
9726,42
9997,42
10034,42
10115,42
10686,42
12338,42
12540,42
12630,42
12639,42
13156,42
13675,42
14078,42
14214,42
14315,42
14884,42
15472,42
15765,42
16737,42
17027,42
17560,42
18346,42
18495,42
9291,43
10478,43
80,44
316,44
426,44
429,44
434,44
716,44
862,44
875,44
883,44
1015,44
1241,44
1626,44
1655,44
1864,44
1894,44
1982,44
2008,44
2176,44
2253,44
2367,44
2428,44
2551,44
2679,44
2915,44
2971,44
3011,44
3313,44
3458,44
3605,44
3664,44
3731,44
3941,44
4102,44
4180,44
4201,44
4207,44
4369,44
4544,44
4547,44
4691,44
4811,44
4837,44
4989,44
5098,44
5226,44
5231,44
5376,44
5517,44
5542,44
5566,44
6096,44
6097,44
6238,44
6490,44
6697,44
6709,44
7020,44
7034,44
7093,44
7351,44
7637,44
7758,44
7776,44
7802,44
7846,44
7938,44
7959,44
8191,44
8297,44
8327,44
8507,44
8589,44
8598,44
8657,44
8738,44
8833,44
9000,44
9085,44
9312,44
9360,44
9480,44
9587,44
9610,44
9731,44
10108,44
10253,44
10436,44
10729,44
10745,44
11136,44
11188,44
11351,44
11420,44
11431,44
11559,44
11805,44
11932,44
11990,44
12642,44
12668,44
12784,44
12798,44
12966,44
12969,44
13216,44
13257,44
13274,44
13615,44
14131,44
14205,44
14227,44
14242,44
14271,44
14294,44
14454,44
14468,44
14572,44
14628,44
14774,44
15058,44
15116,44
15179,44
15366,44
15412,44
15591,44
15670,44
15808,44
15979,44
16119,44
16396,44
16462,44
16469,44
16512,44
16724,44
16761,44
16988,44
17083,44
17451,44
17820,44
17850,44
17880,44
18062,44
18146,44
18303,44
18378,44
440,45
1241,45
1328,45
1341,45
1499,45
1825,45
1894,45
2559,45
2564,45
2634,45
3560,45
3665,45
3785,45
3895,45
4010,45
4476,45
4681,45
4990,45
5026,45
5648,45
5816,45
5844,45
5971,45
6172,45
6465,45
6604,45
6858,45
6862,45
7158,45
7236,45
7609,45
7734,45
7870,45
8075,45
8180,45
8738,45
9343,45
9982,45
10035,45
10070,45
10360,45
10424,45
10469,45
10547,45
10703,45
10719,45
10997,45
10999,45
11293,45
11466,45
11692,45
11730,45
12131,45
12375,45
13126,45
13270,45
13589,45
13733,45
13776,45
14483,45
16911,45
17120,45
6859,46
8085,46
67,47
214,47
245,47
318,47
389,47
541,47
740,47
860,47
937,47
1022,47
1023,47
1044,47
1086,47
1118,47
1304,47
1501,47
1660,47
1757,47
1771,47
1841,47
1915,47
2053,47
2677,47
2699,47
2725,47
2866,47
2872,47
2918,47
3000,47
3103,47
3154,47
3239,47
3252,47
3329,47
3525,47
3547,47
3693,47
3828,47
3862,47
3998,47
4039,47
4127,47
4206,47
4218,47
4275,47
4315,47
4324,47
4358,47
4409,47
4477,47
4480,47
4684,47
4762,47
4814,47
4977,47
5253,47
5461,47
5473,47
5523,47
5567,47
5580,47
5589,47
5622,47
5640,47
5666,47
5712,47
5840,47
5880,47
5903,47
5949,47
6201,47
6462,47
6496,47
6523,47
6550,47
6565,47
6574,47
6622,47
6995,47
7042,47
7075,47
7110,47
7135,47
7184,47
7190,47
7337,47
7673,47
7743,47
7776,47
7818,47
7849,47
8017,47
8101,47
8255,47
8258,47
8305,47
8316,47
8362,47
8410,47
8476,47
8541,47
8569,47
8876,47
9049,47
9131,47
9183,47
9228,47
9274,47
9322,47
9354,47
9359,47
9425,47
9479,47
9586,47
9642,47
9651,47
9673,47
9703,47
9736,47
9869,47
9919,47
9928,47
10058,47
10179,47
10379,47
10662,47
10789,47
10926,47
10965,47
11083,47
11366,47
11436,47
11511,47
11517,47
11624,47
11782,47
11821,47
12075,47
12303,47
12324,47
12328,47
12335,47
12376,47
12591,47
12666,47
12797,47
13238,47
13279,47
13621,47
13686,47
13869,47
13909,47
13934,47
14061,47
14275,47
14288,47
14361,47
14365,47
14660,47
14733,47
14793,47
14920,47
15007,47
15026,47
15163,47
15171,47
15183,47
15372,47
15417,47
15454,47
15597,47
15785,47
15839,47
15909,47
15930,47
15997,47
16039,47
16179,47
16196,47
16375,47
16453,47
16736,47
16925,47
16931,47
16951,47
17059,47
17062,47
17090,47
17111,47
17343,47
17501,47
17563,47
17630,47
17653,47
17733,47
17743,47
17836,47
17882,47
17976,47
18087,47
18264,47
18281,47
18292,47
18328,47
18384,47
18541,47
18566,47
113,48
173,48
222,48
358,48
462,48
572,48
603,48
726,48
853,48
928,48
1031,48
1530,48
1590,48
1718,48
1998,48
2005,48
2071,48
2099,48
2280,48
2329,48
2388,48
2464,48
2538,48
2888,48
2920,48
3036,48
3213,48
3460,48
3504,48
3566,48
3820,48
3925,48
4052,48
4163,48
4215,48
4229,48
4313,48
4366,48
4482,48
4564,48
4680,48
4686,48
4731,48
4864,48
4984,48
5003,48
5011,48
5056,48
5058,48
5143,48
5204,48
5210,48
5351,48
5593,48
5604,48
5777,48
5796,48
5842,48
6017,48
6071,48
6179,48
6237,48
6369,48
6442,48
6706,48
6783,48
6876,48
6949,48
7021,48
7070,48
7188,48
7220,48
7373,48
7483,48
7641,48
7770,48
7791,48
7922,48
7947,48
7949,48
7996,48
8041,48
8150,48
8221,48
8370,48
8440,48
8455,48
8636,48
8679,48
8698,48
8802,48
8850,48
9045,48
9068,48
9184,48
9205,48
9226,48
9231,48
9248,48
9335,48
9644,48
10380,48
10424,48
10427,48
10442,48
10486,48
10588,48
10860,48
10918,48
10919,48
11063,48
11119,48
11138,48
11218,48
11320,48
11534,48
11614,48
11638,48
11679,48
11840,48
11901,48
12038,48
12178,48
12405,48
12502,48
12563,48
12630,48
12653,48
12922,48
12998,48
13083,48
13102,48
13278,48
13354,48
13589,48
13596,48
13619,48
13634,48
13658,48
13683,48
13767,48
14016,48
14105,48
14138,48
14336,48
14379,48
14483,48
14638,48
14721,48
14731,48
14848,48
14869,48
14911,48
14996,48
14998,48
15106,48
15373,48
15387,48
15405,48
15509,48
15520,48
15554,48
15601,48
15641,48
15644,48
15664,48
15854,48
16042,48
16112,48
16335,48
16396,48
16455,48
16471,48
16487,48
16549,48
16563,48
16614,48
16663,48
16689,48
16734,48
16793,48
16941,48
16944,48
17011,48
17021,48
17027,48
17071,48
17279,48
17287,48
17458,48
17508,48
17707,48
17767,48
17815,48
17884,48
17898,48
17944,48
18125,48
18181,48
18204,48
18208,48
18343,48
18557,48
18638,48
476,49
1545,49
1686,49
1925,49
1967,49
2448,49
2708,49
3672,49
3689,49
3982,49
4072,49
5000,49
5203,49
5467,49
6570,49
7026,49
7075,49
7661,49
7976,49
8110,49
8201,49
8214,49
8466,49
9832,49
10291,49
10633,49
10741,49
10809,49
12497,49
12846,49
12968,49
13302,49
13493,49
13936,49
13956,49
14746,49
14878,49
15020,49
15036,49
15050,49
15124,49
15375,49
15821,49
16549,49
16733,49
16922,49
17027,49
17051,49
17918,49
17938,49
17956,49
18233,49
18343,49
18448,49
18466,49
69,50
125,50
270,50
307,50
352,50
396,50
403,50
442,50
566,50
635,50
697,50
720,50
752,50
777,50
796,50
798,50
826,50
837,50
846,50
864,50
997,50
1008,50
1017,50
1077,50
1091,50
1143,50
1177,50
1190,50
1226,50
1229,50
1281,50
1358,50
1539,50
1576,50
1620,50
1623,50
1640,50
1646,50
1693,50
1853,50
1878,50
1895,50
1897,50
1934,50
1956,50
2030,50
2057,50
2078,50
2132,50
2145,50
2159,50
2193,50
2233,50
2356,50
2492,50
2529,50
2634,50
2651,50
2654,50
2851,50
2909,50
2991,50
2995,50
3070,50
3085,50
3099,50
3195,50
3256,50
3352,50
3406,50
3551,50
3596,50
3602,50
3640,50
3653,50
3771,50
3836,50
3863,50
3872,50
3941,50
4098,50
4101,50
4103,50
4186,50
4197,50
4246,50
4268,50
4322,50
4390,50
4393,50
4452,50
4467,50
4473,50
4482,50
4484,50
4487,50
4502,50
4529,50
4634,50
4675,50
4763,50
4765,50
4813,50
4963,50
4990,50
5071,50
5164,50
5219,50
5228,50
5237,50
5246,50
5269,50
5274,50
5305,50
5353,50
5417,50
5452,50
5469,50
5472,50
5479,50
5492,50
5503,50
5505,50
5591,50
5656,50
5741,50
5815,50
5832,50
5865,50
5958,50
6029,50
6132,50
6137,50
6161,50
6171,50
6284,50
6332,50
6335,50
6362,50
6464,50
6476,50
6563,50
6684,50
6706,50
6714,50
6811,50
6820,50
6822,50
6839,50
6926,50
6935,50
6951,50
6963,50
7066,50
7251,50
7255,50
7300,50
7310,50
7318,50
7379,50
7451,50
7467,50
7543,50
7590,50
7600,50
7656,50
7678,50
7682,50
7731,50
7757,50
7792,50
7795,50
7880,50
7886,50
7919,50
8017,50
8078,50
8091,50
8195,50
8201,50
8206,50
8218,50
8272,50
8306,50
8335,50
8451,50
8457,50
8523,50
8601,50
8745,50
8750,50
8835,50
8838,50
8844,50
8859,50
8932,50
9067,50
9094,50
9144,50
9155,50
9186,50
9230,50
9309,50
9330,50
9347,50
9405,50
9563,50
9565,50
9619,50
9640,50
9648,50
9695,50
9822,50
10093,50
10137,50
10184,50
10204,50
10248,50
10318,50
10360,50
10443,50
10484,50
10485,50
10492,50
10539,50
10540,50
10628,50
10633,50
10672,50
10719,50
10755,50
10818,50
10842,50
10905,50
10993,50
11031,50
11037,50
11070,50
11124,50
11146,50
11159,50
11197,50
11377,50
11417,50
11597,50
11705,50
11710,50
11758,50
11780,50
11909,50
11920,50
11988,50
12085,50
12142,50
12184,50
12243,50
12307,50
12375,50
12377,50
12433,50
12456,50
12500,50
12631,50
12640,50
12655,50
12704,50
12787,50
12794,50
12797,50
12819,50
12863,50
12866,50
12898,50
13111,50
13321,50
13396,50
13533,50
13594,50
13618,50
13743,50
13763,50
13801,50
13812,50
13821,50
13856,50
14106,50
14170,50
14203,50
14239,50
14276,50
14278,50
14394,50
14431,50
14542,50
14593,50
14600,50
14605,50
14637,50
14674,50
14726,50
14904,50
15059,50
15159,50
15289,50
15342,50
15363,50
15393,50
15492,50
15586,50
15604,50
15631,50
15658,50
15686,50
15689,50
15704,50
15709,50
15725,50
15804,50
15816,50
15841,50
15870,50
15975,50
16020,50
16058,50
16083,50
16085,50
16230,50
16237,50
16308,50
16350,50
16420,50
16493,50
16508,50
16519,50
16526,50
16599,50
16655,50
16692,50
16845,50
16928,50
16986,50
17019,50
17027,50
17031,50
17135,50
17293,50
17434,50
17544,50
17554,50
17806,50
17880,50
18018,50
18122,50
18215,50
18220,50
18238,50
18349,50
18391,50
18419,50
18497,50
18530,50
18586,50
18595,50
18621,50
77,51
187,51
396,51
702,51
1034,51
1061,51
1215,51
1379,51
1426,51
1641,51
1886,51
1971,51
2134,51
2687,51
2807,51
2874,51
3488,51
3740,51
3815,51
4103,51
4307,51
4371,51
4703,51
5022,51
5297,51
5362,51
5378,51
5478,51
5554,51
5594,51
5642,51
6559,51
6657,51
6714,51
7047,51
7398,51
7507,51
7681,51
7918,51
8042,51
8201,51
8393,51
8423,51
8457,51
8722,51
10039,51
10100,51
10263,51
10715,51
10970,51
11204,51
11622,51
11746,51
12640,51
12797,51
12838,51
13196,51
13229,51
13452,51
13571,51
14033,51
14292,51
14367,51
14650,51
14861,51
15051,51
15408,51
15422,51
15528,51
15904,51
16058,51
16485,51
16581,51
17027,51
17031,51
17127,51
17275,51
17294,51
17483,51
17633,51
18522,51
1290,52
4408,52
6869,52
8275,52
10524,52
16699,52
17217,52
10003,53
2189,54
2793,54
2845,54
3225,54
3848,54
5213,54
5534,54
5986,54
6000,54
6911,54
7706,54
9297,54
12077,54
14245,54
15436,54
16489,54
18519,54
1902,55
4852,55
8016,55
9638,55
10831,55
12425,55
12581,55
13357,55
13552,55
13604,55
14788,55
14912,55
17027,55
18229,55
165,56
182,56
273,56
308,56
329,56
358,56
434,56
569,56
774,56
810,56
818,56
852,56
964,56
972,56
1012,56
1049,56
1116,56
1188,56
1223,56
1329,56
1408,56
1411,56
1441,56
1534,56
1554,56
1597,56
1642,56
1701,56
1775,56
1792,56
1849,56
2229,56
2330,56
2601,56
2709,56
2737,56
2835,56
2843,56
2981,56
2999,56
3105,56
3184,56
3296,56
3315,56
3403,56
3416,56
3513,56
3527,56
3649,56
3660,56
3823,56
3908,56
4225,56
4239,56
4253,56
4321,56
4330,56
4383,56
4458,56
4494,56
4534,56
4600,56
4671,56
4712,56
4824,56
4952,56
5044,56
5231,56
5273,56
5313,56
5370,56
5475,56
5529,56
5652,56
5676,56
5790,56
5901,56
5926,56
5990,56
6056,56
6100,56
6412,56
6434,56
6504,56
6538,56
6694,56
6787,56
6845,56
6862,56
6892,56
6918,56
6968,56
6983,56
7116,56
7216,56
7317,56
7381,56
7420,56
7440,56
7572,56
7642,56
7655,56
7828,56
7938,56
8109,56
8221,56
8365,56
8457,56
8519,56
8577,56
8603,56
8880,56
8920,56
8955,56
8970,56
8979,56
9017,56
9067,56
9099,56
9167,56
9296,56
9482,56
9959,56
10090,56
10116,56
10123,56
10140,56
10176,56
10564,56
10609,56
10686,56
10689,56
10695,56
10716,56
10725,56
11103,56
11261,56
11287,56
11344,56
11359,56
11446,56
11601,56
11797,56
11868,56
11944,56
12087,56
12106,56
12109,56
12166,56
12178,56
12272,56
12277,56
12321,56
12635,56
12704,56
12791,56
13003,56
13242,56
13522,56
13530,56
13551,56
13629,56
13652,56
13656,56
13677,56
13758,56
13765,56
13824,56
13876,56
13898,56
13949,56
13955,56
13987,56
14003,56
14066,56
14152,56
14300,56
14357,56
14447,56
14517,56
14641,56
14647,56
14702,56
14705,56
14909,56
14945,56
14982,56
15119,56
15379,56
15405,56
15519,56
15591,56
15636,56
15702,56
15802,56
15822,56
16026,56
16030,56
16066,56
16223,56
16311,56
16359,56
16479,56
16576,56
16594,56
16640,56
16740,56
16783,56
16867,56
16925,56
17012,56
17043,56
17280,56
17406,56
17416,56
17519,56
17625,56
17702,56
17737,56
17771,56
17818,56
17882,56
18120,56
18136,56
18145,56
18179,56
18419,56
18443,56
604,57
1129,57
1567,57
2838,57
3429,57
4433,57
4573,57
5087,57
5265,57
5923,57
6051,57
7605,57
7662,57
7881,57
7944,57
8295,57
10608,57
10945,57
11212,57
11389,57
12428,57
13205,57
14200,57
14215,57
14661,57
14930,57
15403,57
15770,57
16830,57
16980,57
16996,57
17128,57
17573,57
18027,57
18080,57
18322,57
18341,57
18577,57
506,58
1146,58
3340,58
3511,58
4106,58
4809,58
5169,58
5259,58
5467,58
6476,58
6847,58
7410,58
7545,58
7623,58
7724,58
8311,58
8425,58
9481,58
9721,58
9940,58
10320,58
10327,58
10598,58
11064,58
11197,58
11409,58
11465,58
13024,58
13163,58
13843,58
14036,58
14716,58
14764,58
14956,58
15030,58
15800,58
16503,58
16841,58
17557,58
17623,58
17827,58
18152,58
18226,58
18381,58
124,59
476,59
566,59
724,59
1086,59
1412,59
1836,59
2013,59
2210,59
2285,59
3450,59
3862,59
3997,59
5486,59
5784,59
5852,59
5888,59
6161,59
6244,59
6317,59
6705,59
6846,59
6897,59
7149,59
8336,59
8849,59
8982,59
9114,59
9890,59
10676,59
10886,59
11779,59
12434,59
13198,59
13943,59
14117,59
14187,59
14190,59
14332,59
14681,59
14726,59
16780,59
16784,59
16985,59
17090,59
17182,59
17668,59
18071,59
18505,59
448,60
523,60
813,60
1024,60
1140,60
1200,60
1487,60
1561,60
1825,60
2013,60
2239,60
2536,60
2600,60
2662,60
3125,60
3136,60
3528,60
3747,60
3817,60
3968,60
4644,60
4961,60
4999,60
5099,60
5804,60
6040,60
6393,60
6524,60
6534,60
6742,60
6757,60
7136,60
7208,60
7681,60
7785,60
8236,60
8256,60
8634,60
9355,60
9519,60
9683,60
9774,60
9830,60
9890,60
9998,60
10036,60
10046,60
10157,60
10218,60
10267,60
10485,60
10520,60
10583,60
10930,60
11073,60
11118,60
11130,60
11170,60
11458,60
11464,60
11649,60
11990,60
11991,60
12388,60
12411,60
12833,60
13203,60
13599,60
13772,60
14017,60
14223,60
14471,60
14580,60
14777,60
15039,60
15212,60
15914,60
16082,60
16234,60
16302,60
16616,60
16802,60
16923,60
17164,60
17569,60
17610,60
17936,60
18110,60
18282,60
18345,60
18351,60
1554,61
2156,61
2414,61
2744,61
3451,61
3543,61
5657,61
6339,61
6737,61
6773,61
6913,61
7112,61
7131,61
7674,61
7716,61
9217,61
12129,61
12417,61
12466,61
13581,61
16079,61
16112,61
16401,61
16645,61
16661,61
18514,61
104,62
201,62
237,62
471,62
541,62
675,62
751,62
900,62
1094,62
1128,62
1188,62
1210,62
1359,62
1446,62
1467,62
1500,62
1507,62
1613,62
1719,62
1860,62
1871,62
1997,62
2036,62
2224,62
2364,62
2401,62
2525,62
2639,62
2677,62
3045,62
3080,62
3221,62
3392,62
3485,62
3670,62
4197,62
4225,62
4328,62
4367,62
4383,62
4398,62
4409,62
4462,62
4504,62
4607,62
4637,62
4684,62
4903,62
4929,62
5073,62
5079,62
5246,62
5257,62
5394,62
5452,62
5453,62
5492,62
5698,62
5714,62
5814,62
5949,62
6150,62
6175,62
6277,62
6304,62
6377,62
6421,62
6565,62
6574,62
6749,62
7049,62
7131,62
7272,62
7523,62
7572,62
7602,62
7621,62
7673,62
7686,62
7783,62
7922,62
8017,62
8150,62
8202,62
8235,62
8255,62
8368,62
8473,62
8476,62
8488,62
8517,62
8541,62
8560,62
8616,62
8731,62
8821,62
8976,62
9006,62
9049,62
9295,62
9359,62
9363,62
9503,62
9556,62
9560,62
9718,62
9764,62
9813,62
9908,62
9919,62
9962,62
10044,62
10087,62
10123,62
10198,62
10506,62
10555,62
10592,62
10692,62
10868,62
10949,62
11093,62
11232,62
11398,62
11771,62
11821,62
11842,62
11874,62
11987,62
12089,62
12199,62
12224,62
12235,62
12275,62
12280,62
12321,62
12327,62
12382,62
12391,62
12530,62
12622,62
12783,62
12885,62
13072,62
13134,62
13200,62
13212,62
13260,62
13349,62
13393,62
13437,62
13544,62
13609,62
13690,62
13816,62
13858,62
13898,62
13909,62
13979,62
14241,62
14257,62
14396,62
14418,62
14556,62
14656,62
14688,62
14733,62
14935,62
15007,62
15096,62
15110,62
15115,62
15142,62
15158,62
15183,62
15324,62
15405,62
15417,62
15446,62
15550,62
15724,62
15908,62
15909,62
15994,62
16119,62
16195,62
16240,62
16350,62
16385,62
16610,62
16682,62
16752,62
16850,62
16857,62
16991,62
16999,62
17010,62
17098,62
17101,62
17271,62
17275,62
17405,62
17822,62
17882,62
17921,62
17935,62
18019,62
18296,62
18519,62
18522,62
18566,62
600,63
1474,63
1797,63
2102,63
2376,63
2535,63
2921,63
3106,63
5178,63
5726,63
5756,63
6205,63
7831,63
9160,63
9200,63
9559,63
10813,63
11492,63
12882,63
15458,63
15864,63
16406,63
16884,63
17223,63
17712,63
17761,63
18312,63
216,64
559,64
2054,64
3196,64
3331,64
3353,64
3393,64
3569,64
3699,64
4194,64
4615,64
6299,64
6645,64
7291,64
8048,64
8649,64
8912,64
9269,64
10140,64
10527,64
10711,64
10740,64
10871,64
11137,64
11941,64
12122,64
12286,64
12336,64
12490,64
13568,64
13638,64
14001,64
14849,64
15335,64
15361,64
17128,64
17249,64
17366,64
18134,64
18218,64
18532,64
12648,65
13936,65
8201,66
312,67
510,67
673,67
726,67
740,67
1050,67
1118,67
1388,67
1660,67
1860,67
2053,67
2639,67
2725,67
2767,67
2866,67
2872,67
2958,67
3060,67
3083,67
3103,67
3107,67
3154,67
3250,67
3252,67
3279,67
3498,67
3547,67
3716,67
3759,67
3828,67
4297,67
4358,67
4434,67
4480,67
4524,67
4626,67
4684,67
4967,67
5253,67
5523,67
5712,67
5840,67
5880,67
5903,67
5949,67
6148,67
6201,67
6451,67
6866,67
6919,67
7042,67
7049,67
7084,67
7182,67
7190,67
7235,67
7523,67
7822,67
7867,67
7930,67
8114,67
8245,67
8316,67
8476,67
8569,67
8614,67
9069,67
9131,67
9241,67
9256,67
9274,67
9317,67
9354,67
9457,67
9479,67
9589,67
9595,67
9747,67
10075,67
10179,67
10658,67
10991,67
11168,67
11182,67
11427,67
11436,67
11455,67
11748,67
11782,67
12471,67
12797,67
13200,67
13361,67
13543,67
13544,67
13626,67
13680,67
13686,67
13774,67
13909,67
13940,67
14294,67
14361,67
14518,67
14660,67
14733,67
14736,67
15026,67
15110,67
15163,67
15218,67
15327,67
15372,67
15680,67
15850,67
15880,67
15904,67
15997,67
16012,67
16039,67
16079,67
16468,67
16571,67
16721,67
16844,67
16931,67
17043,67
17343,67
17616,67
17630,67
17733,67
17924,67
18243,67
18328,67
18384,67
18566,67
346,68
397,68
3262,68
4649,68
6032,68
8199,68
8568,68
8852,68
9231,68
10548,68
10693,68
16740,68
17027,68
18635,68
166,69
307,69
362,69
537,69
566,69
697,69
714,69
752,69
777,69
837,69
846,69
850,69
1017,69
1040,69
1061,69
1105,69
1177,69
1190,69
1206,69
1229,69
1259,69
1270,69
1404,69
1426,69
1522,69
1628,69
1878,69
1895,69
1971,69
2018,69
2030,69
2047,69
2078,69
2109,69
2193,69
2233,69
2235,69
2356,69
2378,69
2634,69
2651,69
2660,69
2675,69
2763,69
2851,69
2995,69
3195,69
3596,69
3598,69
3607,69
3618,69
3653,69
3681,69
3872,69
3879,69
4077,69
4087,69
4103,69
4160,69
4250,69
4268,69
4351,69
4390,69
4452,69
4467,69
4502,69
4504,69
4518,69
4529,69
4796,69
4813,69
5071,69
5136,69
5269,69
5305,69
5417,69
5472,69
5477,69
5486,69
5492,69
5500,69
5554,69
5625,69
5647,69
5660,69
5787,69
5815,69
6132,69
6137,69
6161,69
6243,69
6284,69
6290,69
6291,69
6537,69
6547,69
6590,69
6684,69
6820,69
6839,69
6951,69
6963,69
7022,69
7089,69
7251,69
7451,69
7518,69
7568,69
7590,69
7633,69
7682,69
7795,69
7918,69
7919,69
7979,69
8195,69
8201,69
8206,69
8218,69
8461,69
8561,69
8619,69
8923,69
8932,69
8990,69
9037,69
9130,69
9186,69
9228,69
9309,69
9330,69
9372,69
9395,69
9648,69
9695,69
9766,69
9998,69
10009,69
10082,69
10093,69
10248,69
10298,69
10318,69
10484,69
10485,69
10516,69
10540,69
10633,69
10818,69
10842,69
10905,69
10970,69
11031,69
11037,69
11070,69
11124,69
11197,69
11280,69
11417,69
11425,69
11488,69
11526,69
11597,69
11603,69
11780,69
11909,69
11920,69
11974,69
11988,69
12001,69
12041,69
12052,69
12201,69
12243,69
12433,69
12500,69
12631,69
12686,69
12704,69
12794,69
12797,69
12839,69
12863,69
12866,69
13104,69
13111,69
13229,69
13396,69
13426,69
13499,69
13594,69
13618,69
13685,69
13812,69
13821,69
14251,69
14278,69
14292,69
14411,69
14523,69
14588,69
14600,69
14674,69
14726,69
14904,69
14942,69
14953,69
15059,69
15162,69
15604,69
15631,69
15637,69
15686,69
15689,69
15704,69
15720,69
15725,69
15804,69
15841,69
15870,69
15951,69
15970,69
15975,69
16002,69
16020,69
16058,69
16085,69
16189,69
16230,69
16237,69
16308,69
16317,69
16491,69
16519,69
16526,69
16610,69
16683,69
16833,69
16899,69
16929,69
16943,69
16986,69
17027,69
17135,69
17324,69
17621,69
17663,69
17681,69
17747,69
17839,69
17863,69
17905,69
17935,69
18010,69
18099,69
18122,69
18220,69
18391,69
18445,69
18497,69
18530,69
18615,69
1411,70
9848,70
342,71
600,71
1647,71
1830,71
2376,71
2492,71
2691,71
3183,71
3391,71
3395,71
3594,71
4098,71
4537,71
5013,71
5205,71
5298,71
5299,71
5364,71
5390,71
5751,71
6090,71
6142,71
6161,71
6335,71
6870,71
6951,71
7106,71
7124,71
7247,71
7536,71
7864,71
8205,71
9466,71
9674,71
9725,71
9866,71
9882,71
10004,71
10103,71
10450,71
10646,71
10997,71
11938,71
12146,71
12693,71
12852,71
13080,71
13241,71
13841,71
13903,71
14257,71
14648,71
14706,71
14848,71
15018,71
15210,71
15254,71
15308,71
15378,71
15447,71
15574,71
16117,71
16559,71
16848,71
16934,71
17403,71
17965,71
18076,71
18106,71
18414,71
1802,72
2575,72
4050,72
4231,72
4956,72
5025,72
5188,72
5556,72
5766,72
6220,72
6336,72
6633,72
9549,72
10889,72
11911,72
11971,72
12527,72
12606,72
13379,72
13541,72
14085,72
14551,72
15283,72
15857,72
16459,72
17867,72
18142,72
140,73
513,73
1384,73
1995,73
2103,73
2135,73
2248,73
2420,73
3618,73
4280,73
4932,73
5212,73
6123,73
6519,73
6584,73
8581,73
8794,73
9334,73
9838,73
10615,73
12067,73
13114,73
13270,73
13771,73
13904,73
14046,73
14299,73
14924,73
15457,73
15716,73
16149,73
16152,73
16245,73
16588,73
17874,73
18190,73
18545,73
18572,73
760,74
1134,74
1224,74
1305,74
1357,74
2143,74
2814,74
3057,74
3328,74
3423,74
3645,74
4061,74
4367,74
4465,74
4686,74
4981,74
5058,74
5899,74
6071,74
6219,74
6808,74
7216,74
7267,74
7475,74
7736,74
8186,74
8890,74
9085,74
9621,74
9752,74
10326,74
10728,74
11532,74
11625,74
11731,74
11837,74
11841,74
12126,74
12392,74
12408,74
12946,74
13076,74
13133,74
13321,74
13990,74
14202,74
14267,74
14527,74
14997,74
15071,74
15716,74
15738,74
15764,74
16047,74
16356,74
16438,74
16623,74
17155,74
17879,74
18213,74
18266,74
18364,74
18639,74
92,75
130,75
169,75
202,75
346,75
399,75
412,75
1428,75
1488,75
1504,75
1705,75
2072,75
2112,75
2872,75
2969,75
3123,75
3513,75
3703,75
4067,75
4319,75
4438,75
4579,75
4696,75
4954,75
5105,75
5244,75
5292,75
5478,75
6179,75
6665,75
6775,75
6807,75
7150,75
7423,75
7468,75
7876,75
7968,75
8124,75
8174,75
8528,75
8644,75
8790,75
8905,75
9090,75
9218,75
9507,75
9651,75
9815,75
10012,75
10055,75
10359,75
11276,75
11669,75
11679,75
11715,75
12058,75
12487,75
12932,75
13046,75
13275,75
13477,75
13482,75
13510,75
13632,75
13915,75
14082,75
14124,75
14478,75
14580,75
15298,75
15315,75
15571,75
15633,75
15946,75
15981,75
16041,75
16112,75
16957,75
17493,75
17590,75
17655,75
17734,75
17770,75
18051,75
18274,75
18559,75
125,76
152,76
441,76
485,76
511,76
588,76
636,76
640,76
1574,76
1789,76
1833,76
1916,76
2422,76
2890,76
3018,76
3058,76
3162,76
3225,76
3699,76
4056,76
4074,76
4230,76
4240,76
4449,76
4642,76
4694,76
4743,76
4744,76
5014,76
5076,76
5186,76
5213,76
5232,76
5321,76
5402,76
5439,76
5539,76
5558,76
5885,76
6022,76
6077,76
6085,76
6259,76
6278,76
6301,76
6722,76
6797,76
6979,76
7257,76
7339,76
7599,76
7721,76
7739,76
7773,76
7978,76
7987,76
8022,76
8135,76
8158,76
8244,76
8295,76
8354,76
8399,76
8431,76
8434,76
8534,76
8628,76
8663,76
8724,76
8982,76
9025,76
9266,76
9304,76
9326,76
9404,76
9462,76
9496,76
9514,76
9522,76
9544,76
9603,76
9631,76
9717,76
9733,76
9884,76
10085,76
10097,76
10393,76
10857,76
10923,76
10978,76
11051,76
11221,76
11457,76
12112,76
12171,76
12198,76
12564,76
12613,76
12656,76
12713,76
12790,76
13059,76
13125,76
13161,76
13266,76
13794,76
14132,76
14143,76
14287,76
14355,76
14589,76
14930,76
15156,76
15675,76
15676,76
16340,76
16454,76
16494,76
16598,76
16673,76
16816,76
16980,76
17041,76
17093,76
17395,76
17566,76
17589,76
17910,76
17978,76
18232,76
18271,76
18294,76
18399,76
18532,76
194,77
609,77
773,77
796,77
815,77
820,77
997,77
1007,77
1162,77
1388,77
1395,77
1412,77
1415,77
1500,77
1504,77
1532,77
1631,77
1719,77
1721,77
1774,77
1886,77
1987,77
2014,77
2018,77
2042,77
2134,77
2147,77
2193,77
2378,77
2497,77
2872,77
3050,77
3468,77
3815,77
4001,77
4077,77
4197,77
4205,77
4307,77
4314,77
4496,77
4504,77
4600,77
4903,77
4941,77
5045,77
5237,77
5246,77
5420,77
5452,77
5478,77
5492,77
5517,77
5531,77
5657,77
6080,77
6171,77
6284,77
6304,77
6425,77
6505,77
6547,77
6574,77
6694,77
6820,77
6951,77
7227,77
7311,77
7323,77
7398,77
7518,77
7550,77
7628,77
7633,77
7640,77
7750,77
7795,77
7994,77
8017,77
8027,77
8041,77
8077,77
8218,77
8255,77
8306,77
8616,77
8750,77
8940,77
9014,77
9094,77
9134,77
9434,77
9613,77
9651,77
9718,77
9775,77
9961,77
10024,77
10226,77
10358,77
10448,77
10506,77
10516,77
10626,77
10708,77
10733,77
10905,77
11124,77
11224,77
11263,77
11355,77
11468,77
11705,77
11765,77
11974,77
12297,77
12353,77
12359,77
12618,77
12630,77
12816,77
12926,77
12952,77
13104,77
13136,77
13278,77
13321,77
13393,77
13436,77
13575,77
13609,77
13748,77
13759,77
13961,77
14033,77
14135,77
14239,77
14271,77
14427,77
14921,77
14924,77
15142,77
15393,77
15549,77
15564,77
15577,77
15658,77
15902,77
16058,77
16107,77
16112,77
16149,77
16152,77
16185,77
16214,77
16349,77
16350,77
16435,77
16526,77
16599,77
16827,77
17127,77
17327,77
17560,77
17768,77
17839,77
18146,77
18164,77
18201,77
18202,77
18419,77
18429,77
237,78
580,78
631,78
667,78
796,78
879,78
1094,78
1566,78
1719,78
1928,78
1977,78
2159,78
2165,78
2363,78
2644,78
2649,78
2855,78
3032,78
3051,78
3320,78
3476,78
3488,78
3528,78
3561,78
3580,78
3873,78
3983,78
4021,78
4022,78
4032,78
4103,78
4239,78
4304,78
4381,78
4462,78
4604,78
4610,78
4774,78
5010,78
5122,78
5128,78
5384,78
5477,78
5684,78
6037,78
6363,78
6440,78
6459,78
6479,78
6534,78
6657,78
6807,78
6923,78
6927,78
6951,78
6963,78
7297,78
7567,78
7891,78
7919,78
7940,78
7979,78
8053,78
8273,78
8305,78
8347,78
8666,78
8696,78
8698,78
8821,78
8932,78
9103,78
9128,78
9347,78
9360,78
9439,78
9532,78
9558,78
9651,78
9852,78
9903,78
9908,78
9951,78
9981,78
10087,78
10094,78
10145,78
10150,78
10266,78
10271,78
10287,78
10358,78
10531,78
10909,78
10912,78
11055,78
11130,78
11147,78
11379,78
11468,78
11485,78
11706,78
11863,78
12041,78
12211,78
12307,78
12530,78
12695,78
12704,78
12797,78
12823,78
12830,78
12878,78
12915,78
12964,78
13072,78
13104,78
13126,78
13157,78
13321,78
13393,78
13591,78
13593,78
13599,78
13609,78
13634,78
14157,78
14197,78
14452,78
14468,78
14531,78
14541,78
14819,78
14861,78
15012,78
15041,78
15061,78
15087,78
15236,78
15393,78
15604,78
15629,78
15686,78
15704,78
15762,78
15804,78
15870,78
15970,78
16243,78
16284,78
16350,78
16353,78
16791,78
16952,78
16967,78
17071,78
17090,78
17135,78
17167,78
17216,78
17504,78
17626,78
17639,78
17719,78
17921,78
18085,78
18384,78
18391,78
18501,78
18584,78
3052,79
3152,79
3714,79
3826,79
3853,79
3895,79
5030,79
5546,79
5873,79
5957,79
6139,79
6335,79
6374,79
6860,79
7259,79
7351,79
8507,79
12117,79
12448,79
13277,79
15928,79
17126,79
212,80
275,80
367,80
426,80
429,80
513,80
716,80
767,80
1106,80
1435,80
1655,80
1782,80
1844,80
1884,80
2059,80
2137,80
2253,80
2428,80
2679,80
3011,80
3060,80
3123,80
3185,80
3278,80
3313,80
3560,80
3683,80
3731,80
3810,80
3945,80
4180,80
4207,80
4482,80
4761,80
4811,80
4989,80
5231,80
5738,80
6392,80
6709,80
7020,80
7615,80
7737,80
8044,80
8082,80
8243,80
8507,80
8589,80
8970,80
9023,80
9212,80
9482,80
9501,80
10125,80
10658,80
10729,80
11188,80
11206,80
11463,80
11559,80
11755,80
11932,80
12132,80
12508,80
12632,80
12671,80
12966,80
13005,80
13270,80
13274,80
13857,80
14176,80
14271,80
14294,80
14628,80
15058,80
15126,80
15208,80
15386,80
15387,80
15391,80
15481,80
15634,80
15705,80
15808,80
15979,80
16012,80
16462,80
16690,80
16777,80
16882,80
16916,80
16988,80
17083,80
18303,80
18509,80
1308,81
1388,81
1697,81
1754,81
2309,81
2789,81
3799,81
3975,81
4155,81
4307,81
4376,81
4445,81
4923,81
4951,81
5198,81
5221,81
5260,81
5598,81
6131,81
6479,81
7084,81
7091,81
7218,81
8011,81
8199,81
8546,81
9781,81
10644,81
11712,81
11782,81
11977,81
12536,81
14883,81
15005,81
15191,81
15427,81
16618,81
16975,81
16992,81
18199,81
18508,81
136,82
657,82
882,82
1027,82
1073,82
1823,82
1837,82
2204,82
2368,82
2663,82
3841,82
4418,82
5365,82
5560,82
6611,82
7326,82
7771,82
8202,82
8469,82
8682,82
8707,82
9614,82
9651,82
9662,82
10456,82
12586,82
12845,82
13136,82
13579,82
14320,82
14563,82
15942,82
16739,82
17342,82
17836,82
18275,82
94,83
198,83
332,83
434,83
550,83
1033,83
1091,83
1125,83
1190,83
1237,83
1341,83
1436,83
1693,83
1800,83
1996,83
2052,83
2145,83
2651,83
2657,83
2823,83
2894,83
3038,83
3099,83
3375,83
3381,83
3771,83
4091,83
4186,83
4268,83
4992,83
5206,83
5336,83
5585,83
5835,83
6097,83
6156,83
6183,83
6446,83
6761,83
6858,83
6879,83
6940,83
7270,83
7310,83
7351,83
7575,83
7623,83
7805,83
7886,83
7950,83
7975,83
8149,83
8160,83
8738,83
8879,83
9098,83
9221,83
9292,83
9481,83
9588,83
9633,83
9725,83
9822,83
9956,83
9981,83
10893,83
10982,83
11487,83
11512,83
12232,83
12490,83
12819,83
12899,83
12905,83
13135,83
13309,83
13337,83
13541,83
13620,83
13974,83
14637,83
14871,83
15027,83
15152,83
15157,83
15292,83
15305,83
15569,83
15600,83
15810,83
15836,83
16405,83
16493,83
17199,83
17391,83
17693,83
17763,83
17992,83
964,84
2925,84
4260,84
4321,84
9440,84
11103,84
11279,84
12288,84
13984,84
14191,84
15064,84
16694,84
17769,84
370,85
1252,85
1819,85
1917,85
2407,85
3275,85
5379,85
5958,85
6578,85
6880,85
7760,85
10470,85
10597,85
11774,85
12655,85
13460,85
13873,85
14972,85
15054,85
15374,85
15948,85
16135,85
16684,85
17251,85
17992,85
18049,85
97,86
319,86
521,86
1005,86
1145,86
1221,86
1264,86
2237,86
2370,86
2447,86
3474,86
3592,86
3728,86
3794,86
5719,86
5737,86
6639,86
6785,86
7335,86
7528,86
7697,86
8625,86
9400,86
9519,86
9907,86
10243,86
10640,86
11237,86
11367,86
11824,86
12423,86
12737,86
12801,86
13567,86
13688,86
13805,86
13917,86
14284,86
14532,86
15194,86
15244,86
15298,86
15328,86
15359,86
15649,86
15733,86
16073,86
16122,86
16386,86
17112,86
17441,86
17491,86
17658,86
471,87
825,87
1078,87
1468,87
1538,87
2841,87
2943,87
3372,87
4586,87
5705,87
5935,87
6934,87
8014,87
8019,87
8682,87
9334,87
9547,87
9872,87
9950,87
10257,87
10454,87
10584,87
10637,87
12952,87
13658,87
14695,87
15213,87
15759,87
15827,87
17046,87
18038,87
18266,87
18393,87
200,88
216,88
1381,88
1755,88
5142,88
5266,88
5578,88
5857,88
6269,88
6721,88
7129,88
7257,88
7330,88
8683,88
11255,88
13432,88
13495,88
13820,88
14001,88
14799,88
15361,88
15489,88
16939,88
17094,88
17552,88
18127,88
5088,89
9928,89
16568,89
1624,90
14999,90
15346,90
9605,91
17027,91
155,92
252,92
346,92
411,92
419,92
734,92
865,92
901,92
1316,92
1376,92
1561,92
1605,92
1627,92
1648,92
1657,92
1710,92
1870,92
2072,92
2261,92
2277,92
2564,92
2735,92
2795,92
2896,92
2920,92
3062,92
3222,92
3401,92
3461,92
3471,92
3655,92
3665,92
4119,92
4128,92
4308,92
4319,92
4353,92
4452,92
4462,92
4482,92
4623,92
4652,92
4696,92
5065,92
5198,92
5277,92
5342,92
5512,92
5861,92
5960,92
6037,92
6461,92
6595,92
6665,92
6904,92
6905,92
6946,92
7002,92
7150,92
7226,92
7373,92
7447,92
7483,92
7504,92
7508,92
7534,92
7591,92
7922,92
7936,92
7947,92
8036,92
8056,92
8174,92
8253,92
8299,92
8322,92
8339,92
8359,92
8658,92
8669,92
8672,92
8706,92
9248,92
9349,92
9501,92
9654,92
9672,92
9685,92
9772,92
9908,92
10087,92
10142,92
10283,92
10429,92
10463,92
10633,92
10693,92
10822,92
10912,92
10919,92
10984,92
10996,92
11091,92
11469,92
11489,92
11504,92
11988,92
12069,92
12070,92
12349,92
12363,92
12398,92
12455,92
12493,92
12511,92
12724,92
12784,92
12816,92
12922,92
12967,92
13013,92
13025,92
13046,92
13266,92
13278,92
13482,92
13499,92
13615,92
13621,92
13703,92
13726,92
13852,92
13886,92
13899,92
13908,92
14001,92
14067,92
14144,92
14187,92
14199,92
14226,92
14243,92
14357,92
14358,92
14438,92
14667,92
14877,92
14908,92
15133,92
15208,92
15312,92
15315,92
15345,92
15625,92
15788,92
15795,92
15947,92
16086,92
16193,92
16290,92
16396,92
16575,92
16616,92
16667,92
16741,92
16847,92
16940,92
17002,92
17006,92
17027,92
17199,92
17204,92
17529,92
17546,92
17697,92
17792,92
17903,92
18019,92
18174,92
18447,92
18472,92
18556,92
220,93
225,93
542,93
653,93
851,93
1000,93
1124,93
1518,93
1597,93
1960,93
2028,93
2113,93
2261,93
2413,93
2564,93
2981,93
3492,93
3587,93
3932,93
4207,93
4290,93
4321,93
4602,93
4983,93
5240,93
5330,93
5665,93
5672,93
5735,93
5817,93
5921,93
6042,93
6380,93
6385,93
6547,93
6772,93
6801,93
7317,93
7355,93
7521,93
7867,93
8306,93
8326,93
8438,93
9453,93
9651,93
9662,93
9978,93
10202,93
10378,93
10480,93
10625,93
10707,93
10740,93
10786,93
10902,93
10907,93
10968,93
11585,93
11810,93
11947,93
11975,93
12039,93
12389,93
12577,93
12843,93
13046,93
13275,93
13417,93
13436,93
13527,93
13723,93
13744,93
14572,93
14597,93
14765,93
14806,93
14940,93
15081,93
15185,93
16136,93
16153,93
16567,93
17027,93
17145,93
17286,93
17418,93
17516,93
17732,93
17851,93
18063,93
18346,93
18603,93
101,94
138,94
198,94
233,94
342,94
386,94
400,94
510,94
511,94
664,94
665,94
750,94
759,94
767,94
896,94
927,94
1091,94
1133,94
1165,94
1229,94
1341,94
1349,94
1392,94
1401,94
1404,94
1470,94
1544,94
1590,94
1690,94
1761,94
1787,94
1800,94
1822,94
1939,94
1983,94
2008,94
2113,94
2225,94
2324,94
2358,94
2397,94
2430,94
2453,94
2492,94
2502,94
2512,94
2545,94
2585,94
2592,94
2634,94
2654,94
2680,94
2781,94
2821,94
2855,94
2894,94
2991,94
3146,94
3152,94
3336,94
3482,94
3491,94
3551,94
3596,94
3598,94
3607,94
3676,94
3695,94
3764,94
3771,94
3803,94
3967,94
4018,94
4059,94
4074,94
4107,94
4186,94
4244,94
4390,94
4478,94
4482,94
4580,94
4642,94
4643,94
4685,94
4694,94
4803,94
4845,94
4920,94
4953,94
5100,94
5274,94
5376,94
5417,94
5439,94
5452,94
5468,94
5546,94
5587,94
5591,94
5689,94
5783,94
5857,94
5865,94
5869,94
5873,94
6115,94
6183,94
6216,94
6228,94
6276,94
6286,94
6374,94
6405,94
6459,94
6473,94
6526,94
6558,94
6587,94
6604,94
6702,94
6732,94
6778,94
6787,94
6818,94
6835,94
6836,94
6839,94
7010,94
7036,94
7057,94
7066,94
7106,94
7128,94
7236,94
7285,94
7323,94
7372,94
7380,94
7405,94
7520,94
7524,94
7575,94
7601,94
7861,94
7919,94
7939,94
7950,94
8017,94
8021,94
8046,94
8075,94
8098,94
8195,94
8200,94
8201,94
8257,94
8310,94
8567,94
8598,94
8848,94
8894,94
8982,94
8995,94
9070,94
9085,94
9169,94
9190,94
9193,94
9226,94
9343,94
9360,94
9429,94
9441,94
9451,94
9630,94
9633,94
9644,94
9665,94
9821,94
9911,94
9942,94
9956,94
10001,94
10046,94
10070,94
10083,94
10174,94
10218,94
10219,94
10224,94
10231,94
10327,94
10342,94
10370,94
10374,94
10395,94
10436,94
10490,94
10517,94
10521,94
10540,94
10648,94
10676,94
10681,94
10703,94
10709,94
10719,94
10724,94
10745,94
10781,94
10835,94
10878,94
10893,94
10988,94
10995,94
10996,94
11077,94
11079,94
11246,94
11313,94
11335,94
11342,94
11412,94
11458,94
11487,94
11512,94
11546,94
11581,94
11593,94
11672,94
11807,94
11829,94
11848,94
11938,94
11949,94
12085,94
12117,94
12157,94
12165,94
12182,94
12186,94
12251,94
12312,94
12448,94
12555,94
12641,94
12683,94
12726,94
12752,94
12866,94
12872,94
12894,94
12899,94
12916,94
12970,94
12978,94
13013,94
13111,94
13122,94
13131,94
13135,94
13216,94
13254,94
13266,94
13274,94
13375,94
13396,94
13561,94
13593,94
13653,94
13680,94
13794,94
13810,94
13841,94
13870,94
13896,94
13928,94
13958,94
14001,94
14099,94
14143,94
14190,94
14227,94
14230,94
14257,94
14282,94
14287,94
14318,94
14378,94
14431,94
14451,94
14473,94
14486,94
14493,94
14542,94
14626,94
14637,94
14690,94
14702,94
15146,94
15170,94
15264,94
15294,94
15343,94
15455,94
15522,94
15620,94
15629,94
15676,94
15689,94
15753,94
15757,94
15810,94
15825,94
15826,94
15841,94
15928,94
15942,94
16212,94
16437,94
16446,94
16452,94
16480,94
16517,94
16532,94
16535,94
16539,94
16543,94
16599,94
16631,94
16673,94
16692,94
16751,94
16902,94
17006,94
17027,94
17095,94
17147,94
17158,94
17236,94
17299,94
17309,94
17396,94
17421,94
17508,94
17610,94
17647,94
17693,94
17747,94
17847,94
17907,94
17969,94
17989,94
18018,94
18069,94
18226,94
18282,94
18302,94
18321,94
18362,94
18416,94
18478,94
18482,94
18567,94
18584,94
224,95
545,95
931,95
1271,95
1355,95
1412,95
1532,95
1784,95
2378,95
2840,95
3049,95
3184,95
3215,95
3733,95
4080,95
4307,95
4412,95
5057,95
5134,95
5212,95
5492,95
6385,95
7293,95
7444,95
7879,95
8049,95
8614,95
9256,95
9286,95
9296,95
9334,95
10555,95
10934,95
11176,95
11703,95
12025,95
12054,95
12545,95
12627,95
13140,95
13201,95
13592,95
13799,95
14225,95
14275,95
14292,95
14316,95
14593,95
15568,95
15734,95
15960,95
16277,95
16399,95
16423,95
16590,95
16852,95
17679,95
17681,95
17804,95
17833,95
18064,95
18092,95
18131,95
18295,95
18330,95
18385,95
18419,95
9923,96
3474,97
5719,97
5737,97
15298,97
1194,98
1272,98
1309,98
2401,98
2416,98
3956,98
4109,98
4227,98
4313,98
5085,98
5288,98
5384,98
5773,98
5994,98
6017,98
6340,98
6441,98
6786,98
7059,98
7080,98
7296,98
7298,98
7491,98
7947,98
7996,98
8513,98
8634,98
9747,98
9839,98
9944,98
11543,98
12535,98
12799,98
12907,98
13359,98
13494,98
13502,98
13735,98
13988,98
14654,98
15478,98
15865,98
16149,98
17074,98
17166,98
17420,98
17881,98
18249,98
471,99
668,99
818,99
1285,99
1608,99
1675,99
1705,99
1841,99
2018,99
2352,99
2407,99
2605,99
2738,99
2797,99
2827,99
2852,99
2862,99
2934,99
3225,99
3465,99
3812,99
4126,99
4163,99
4222,99
4242,99
4520,99
4805,99
4825,99
5284,99
5344,99
5373,99
5478,99
5573,99
5778,99
5793,99
6106,99
6162,99
6227,99
6304,99
6333,99
6586,99
6710,99
7153,99
7311,99
7420,99
7572,99
7799,99
7834,99
7844,99
7970,99
8049,99
8228,99
8239,99
8446,99
8547,99
8606,99
8632,99
8802,99
8807,99
8812,99
9008,99
9013,99
9276,99
9331,99
9468,99
9651,99
9808,99
9857,99
9928,99
10115,99
10626,99
11148,99
11179,99
11189,99
11226,99
11237,99
11344,99
11419,99
11452,99
11799,99
11808,99
11868,99
12024,99
12058,99
12075,99
12235,99
12544,99
12694,99
13000,99
13099,99
13170,99
13199,99
13540,99
13573,99
13778,99
13784,99
13791,99
14033,99
14048,99
14115,99
14130,99
14196,99
14293,99
14327,99
14646,99
14649,99
14775,99
14843,99
15104,99
15110,99
15175,99
15197,99
15383,99
15651,99
15789,99
15906,99
16161,99
16353,99
16549,99
16568,99
16669,99
16930,99
16991,99
17127,99
17170,99
17258,99
17273,99
17540,99
17768,99
17861,99
18001,99
18057,99
18311,99
18402,99
18522,99
18601,99
7526,100
9704,100
12759,100
16630,100
17140,100
523,101
1248,101
1280,101
1463,101
1698,101
1872,101
2010,101
2013,101
2229,101
2324,101
2438,101
2585,101
2768,101
2864,101
3586,101
3617,101
3725,101
3746,101
3774,101
4108,101
4192,101
4284,101
4297,101
4381,101
4720,101
4727,101
5024,101
5084,101
5166,101
5171,101
5724,101
6077,101
6121,101
6216,101
6858,101
7183,101
7612,101
7631,101
7696,101
8105,101
8344,101
8505,101
8528,101
8623,101
8637,101
8649,101
8959,101
9231,101
9340,101
9621,101
9774,101
9865,101
9965,101
10092,101
10139,101
10420,101
10759,101
11151,101
11951,101
12043,101
12490,101
12659,101
12680,101
12729,101
13152,101
13284,101
13383,101
13411,101
13846,101
14169,101
14230,101
14278,101
14333,101
14373,101
14623,101
14777,101
15475,101
15542,101
15638,101
15928,101
15988,101
16082,101
16113,101
16226,101
16426,101
16523,101
16549,101
16609,101
16830,101
16952,101
17061,101
17189,101
17199,101
17398,101
17442,101
17454,101
17567,101
17642,101
17961,101
17962,101
17990,101
18058,101
18321,101
18468,101
150,102
165,102
194,102
712,102
795,102
807,102
809,102
953,102
1088,102
1099,102
1107,102
1151,102
1274,102
1436,102
1449,102
1510,102
1546,102
1597,102
1718,102
1869,102
2150,102
2225,102
2257,102
2285,102
2290,102
2441,102
2462,102
2594,102
2680,102
2716,102
2864,102
3373,102
3442,102
3604,102
3675,102
3735,102
3797,102
3844,102
3925,102
3954,102
4002,102
4057,102
4087,102
4117,102
4201,102
4229,102
4257,102
4265,102
4371,102
4372,102
4401,102
4465,102
4642,102
4689,102
4737,102
4803,102
4846,102
4929,102
4981,102
5136,102
5431,102
5644,102
5745,102
5771,102
5805,102
6019,102
6090,102
6106,102
6206,102
6275,102
6393,102
6472,102
6487,102
6776,102
6892,102
7215,102
7429,102
7430,102
7481,102
7485,102
7603,102
7622,102
7685,102
7717,102
7863,102
7968,102
8221,102
8225,102
8433,102
8728,102
8824,102
8905,102
9005,102
9348,102
9468,102
9551,102
9651,102
9969,102
9973,102
9980,102
10087,102
10470,102
10549,102
10582,102
10676,102
10720,102
10780,102
10816,102
10853,102
10920,102
11162,102
11264,102
11305,102
11378,102
11419,102
11555,102
11703,102
11868,102
11902,102
12006,102
12027,102
12078,102
12122,102
12189,102
12344,102
12392,102
12501,102
12598,102
12650,102
12673,102
12694,102
12711,102
12861,102
12916,102
12925,102
13188,102
13289,102
13394,102
13502,102
13563,102
13622,102
13759,102
13802,102
13821,102
13868,102
13913,102
13943,102
13970,102
13993,102
14060,102
14224,102
14234,102
14268,102
14351,102
14458,102
14566,102
14611,102
14642,102
14688,102
14877,102
14902,102
14955,102
14996,102
15012,102
15066,102
15094,102
15155,102
15229,102
15379,102
15518,102
15605,102
15611,102
15629,102
15664,102
15767,102
15820,102
15913,102
15984,102
15986,102
16024,102
16035,102
16266,102
16435,102
16531,102
16679,102
16808,102
16908,102
16917,102
17056,102
17092,102
17167,102
17182,102
17214,102
17421,102
17499,102
17515,102
17587,102
17652,102
17668,102
17768,102
18243,102
18313,102
18468,102
284,103
830,103
1871,103
1925,103
2071,103
2767,103
3455,103
3554,103
3619,103
3785,103
4324,103
4477,103
4762,103
5033,103
5203,103
5244,103
5326,103
5377,103
5698,103
5840,103
6550,103
6919,103
7743,103
7813,103
7967,103
8006,103
8124,103
8258,103
8300,103
9049,103
9274,103
9825,103
10124,103
10662,103
10722,103
10789,103
11422,103
11516,103
11517,103
11624,103
11782,103
13204,103
13382,103
13673,103
13926,103
14027,103
14389,103
14793,103
15013,103
15446,103
15839,103
16563,103
16658,103
16682,103
16925,103
17502,103
17861,103
18008,103
18219,103
18566,103
226,104
766,104
830,104
900,104
1188,104
1289,104
1979,104
2053,104
2096,104
2338,104
2499,104
2767,104
3295,104
3704,104
4787,104
4840,104
5255,104
5812,104
5903,104
6066,104
6249,104
7190,104
7297,104
7324,104
7463,104
7695,104
7838,104
8006,104
8258,104
8590,104
9132,104
10568,104
11168,104
12180,104
14235,104
14935,104
15087,104
15324,104
15736,104
16208,104
16593,104
16679,104
16972,104
17563,104
17733,104
2432,105
2953,105
4113,105
5430,105
6264,105
10252,105
10805,105
11795,105
12251,105
12296,105
12607,105
14620,105
14862,105
15548,105
16167,105
16628,105
17156,105
17210,105
17248,105
139,106
346,106
397,106
520,106
544,106
759,106
836,106
1419,106
1531,106
1561,106
1568,106
1698,106
1727,106
1799,106
2144,106
2147,106
2151,106
2229,106
2315,106
2368,106
2544,106
2723,106
2760,106
2768,106
2804,106
2813,106
2829,106
2972,106
3017,106
3041,106
3046,106
3225,106
3247,106
3322,106
3535,106
3719,106
3765,106
3922,106
4014,106
4045,106
4135,106
4224,106
4239,106
4258,106
4476,106
4494,106
4504,106
4559,106
4579,106
4728,106
4760,106
4809,106
4844,106
5049,106
5064,106
5067,106
5119,106
5352,106
5868,106
5935,106
5936,106
6032,106
6064,106
6134,106
6337,106
6534,106
6662,106
6714,106
6745,106
6761,106
7011,106
7030,106
7086,106
7362,106
7373,106
7498,106
7573,106
7696,106
7724,106
7755,106
7858,106
7948,106
8043,106
8175,106
8185,106
8199,106
8201,106
8649,106
8747,106
8782,106
8793,106
8848,106
8940,106
8972,106
9223,106
9231,106
9248,106
9296,106
9311,106
9359,106
9364,106
9439,106
9622,106
9677,106
9694,106
9878,106
9956,106
9978,106
10022,106
10177,106
10274,106
10346,106
10359,106
10429,106
10451,106
10520,106
10550,106
10598,106
10633,106
10693,106
10739,106
10772,106
10811,106
10813,106
10875,106
10887,106
10904,106
10905,106
11091,106
11124,106
11164,106
11278,106
11300,106
11465,106
11521,106
11572,106
11666,106
11756,106
11901,106
11992,106
12036,106
12073,106
12137,106
12490,106
12659,106
12667,106
12905,106
13074,106
13150,106
13254,106
13256,106
13309,106
13392,106
13462,106
13472,106
13499,106
13507,106
13703,106
13746,106
13773,106
13821,106
14002,106
14028,106
14178,106
14189,106
14210,106
14247,106
14253,106
14506,106
14517,106
14528,106
14560,106
14564,106
14620,106
14639,106
14681,106
14826,106
14828,106
14938,106
14977,106
14990,106
15043,106
15081,106
15113,106
15176,106
15409,106
15413,106
15519,106
15868,106
15980,106
16049,106
16215,106
16302,106
16379,106
16480,106
16508,106
16549,106
16620,106
16686,106
16754,106
16789,106
16841,106
16843,106
16918,106
17016,106
17019,106
17027,106
17142,106
17311,106
17324,106
17355,106
17366,106
17423,106
17612,106
17678,106
17732,106
17743,106
17812,106
17821,106
17861,106
17862,106
17903,106
17940,106
18138,106
18406,106
18547,106
18605,106
18638,106
118,107
128,107
155,107
180,107
419,107
572,107
573,107
679,107
686,107
783,107
864,107
865,107
954,107
996,107
1125,107
1175,107
1227,107
1323,107
1401,107
1436,107
1571,107
1627,107
1636,107
1722,107
1761,107
1809,107
1870,107
1949,107
2008,107
2075,107
2100,107
2247,107
2277,107
2304,107
2382,107
2564,107
2626,107
2627,107
2634,107
2662,107
2672,107
2920,107
2947,107
2961,107
2962,107
2977,107
2998,107
3091,107
3168,107
3247,107
3359,107
3427,107
3461,107
3471,107
3493,107
3622,107
3676,107
3765,107
3775,107
3874,107
3881,107
3895,107
4027,107
4130,107
4143,107
4147,107
4249,107
4310,107
4341,107
4393,107
4452,107
4478,107
4482,107
4544,107
4553,107
4623,107
4741,107
4742,107
4830,107
4837,107
4875,107
5192,107
5256,107
5281,107
5336,107
5415,107
5427,107
5435,107
5452,107
5491,107
5605,107
5767,107
5835,107
5844,107
5845,107
5855,107
5892,107
5898,107
5910,107
6019,107
6037,107
6062,107
6079,107
6172,107
6312,107
6375,107
6459,107
6571,107
6623,107
6758,107
6790,107
6899,107
6910,107
6912,107
6927,107
6947,107
7124,107
7134,107
7137,107
7153,107
7226,107
7236,107
7432,107
7508,107
7511,107
7544,107
7567,107
7571,107
7584,107
7591,107
7597,107
7731,107
7769,107
7778,107
7797,107
7807,107
7948,107
8056,107
8157,107
8189,107
8253,107
8256,107
8270,107
8299,107
8333,107
8407,107
8459,107
8468,107
8503,107
8845,107
8970,107
9008,107
9010,107
9134,107
9220,107
9250,107
9287,107
9335,107
9360,107
9393,107
9397,107
9448,107
9537,107
9588,107
9651,107
9654,107
9665,107
9672,107
9685,107
9730,107
9774,107
9817,107
9881,107
9937,107
9988,107
10095,107
10140,107
10142,107
10195,107
10225,107
10231,107
10321,107
10345,107
10346,107
10463,107
10536,107
10560,107
10576,107
10693,107
10719,107
10720,107
10822,107
10834,107
10860,107
10888,107
10919,107
11006,107
11028,107
11074,107
11091,107
11104,107
11138,107
11157,107
11261,107
11354,107
11499,107
11647,107
11649,107
11692,107
11725,107
11776,107
11786,107
11880,107
12036,107
12069,107
12070,107
12121,107
12398,107
12456,107
12797,107
12816,107
12835,107
12932,107
13025,107
13080,107
13127,107
13318,107
13330,107
13414,107
13472,107
13476,107
13487,107
13506,107
13544,107
13601,107
13615,107
13637,107
13758,107
13801,107
13852,107
13908,107
13987,107
14003,107
14096,107
14141,107
14144,107
14199,107
14319,107
14337,107
14351,107
14483,107
14572,107
14596,107
14675,107
14682,107
14743,107
14768,107
14888,107
14927,107
14939,107
14978,107
15039,107
15154,107
15192,107
15200,107
15336,107
15519,107
15553,107
15587,107
15625,107
15642,107
15670,107
15696,107
15952,107
16060,107
16080,107
16134,107
16191,107
16292,107
16298,107
16314,107
16323,107
16342,107
16372,107
16492,107
16711,107
16812,107
16835,107
16841,107
16847,107
16848,107
16911,107
16945,107
16946,107
16990,107
17050,107
17083,107
17125,107
17214,107
17231,107
17309,107
17330,107
17377,107
17451,107
17567,107
17597,107
17647,107
17680,107
17689,107
17697,107
17751,107
17805,107
17891,107
17962,107
18079,107
18151,107
18167,107
18174,107
18179,107
18285,107
18292,107
18362,107
18364,107
18470,107
18472,107
18526,107
18622,107
18651,107
194,108
219,108
290,108
420,108
712,108
851,108
865,108
899,108
1151,108
1449,108
1872,108
1931,108
1940,108
1990,108
2150,108
2261,108
2308,108
2439,108
2441,108
2462,108
2522,108
2687,108
2716,108
2864,108
3062,108
3322,108
3408,108
3604,108
3655,108
3675,108
3925,108
3935,108
4002,108
4057,108
4117,108
4144,108
4229,108
4288,108
4452,108
4465,108
4586,108
4591,108
4593,108
4689,108
4737,108
4851,108
4904,108
4929,108
4981,108
5133,108
5315,108
5655,108
5702,108
5745,108
5771,108
6021,108
6090,108
6383,108
6480,108
6487,108
6606,108
6776,108
6796,108
6892,108
7015,108
7101,108
7293,108
7313,108
7481,108
7717,108
8018,108
8056,108
8109,108
8672,108
8824,108
9248,108
9390,108
9417,108
9651,108
10124,108
10248,108
10266,108
10283,108
10400,108
10470,108
10582,108
10780,108
10888,108
11162,108
11169,108
11329,108
11625,108
11703,108
12122,108
12189,108
12363,108
12444,108
12624,108
12659,108
12673,108
12861,108
12925,108
13126,108
13289,108
13502,108
13622,108
13731,108
13802,108
13853,108
13870,108
14007,108
14044,108
14060,108
14169,108
14268,108
14452,108
14688,108
14877,108
14902,108
14996,108
15094,108
15662,108
15664,108
15750,108
15840,108
15843,108
16087,108
16193,108
16343,108
16438,108
16808,108
17167,108
17193,108
17204,108
17232,108
17285,108
17499,108
17719,108
18023,108
18468,108
198,109
233,109
239,109
403,109
481,109
637,109
975,109
1107,109
1301,109
1722,109
1770,109
1843,109
2113,109
2175,109
2430,109
2507,109
2512,109
3106,109
3146,109
3246,109
3295,109
3300,109
3361,109
3403,109
3496,109
3531,109
3622,109
3790,109
3967,109
3972,109
4193,109
4307,109
4423,109
4438,109
4478,109
4482,109
4490,109
4603,109
4643,109
4683,109
4758,109
4803,109
4846,109
5137,109
5192,109
5342,109
5399,109
5604,109
5974,109
6083,109
6118,109
6145,109
6276,109
6286,109
6288,109
6324,109
6359,109
6406,109
6558,109
6732,109
6932,109
6938,109
6999,109
7020,109
7102,109
7140,109
7204,109
7323,109
7445,109
7517,109
7627,109
7640,109
7805,109
7861,109
7870,109
7871,109
7906,109
8075,109
8111,109
8201,109
8549,109
8555,109
8867,109
8983,109
9128,109
9206,109
9242,109
9247,109
9368,109
9385,109
9742,109
9946,109
10027,109
10083,109
10085,109
10093,109
10098,109
10314,109
10327,109
10616,109
10813,109
10851,109
10887,109
11115,109
11180,109
11184,109
11263,109
11385,109
11486,109
11615,109
11667,109
11676,109
11725,109
12082,109
12135,109
12140,109
12182,109
12593,109
12644,109
12726,109
12752,109
12797,109
12822,109
13187,109
13244,109
13331,109
13428,109
13437,109
13748,109
13928,109
14055,109
14074,109
14099,109
14123,109
14406,109
14412,109
14473,109
14515,109
14699,109
14772,109
14773,109
14834,109
14886,109
14947,109
14950,109
15061,109
15264,109
15517,109
15589,109
15759,109
15795,109
15825,109
15826,109
15903,109
15923,109
15934,109
16138,109
16206,109
16751,109
16885,109
16902,109
17027,109
17201,109
17235,109
17467,109
17484,109
17546,109
17870,109
17971,109
18050,109
18059,109
18238,109
18490,109
18497,109
18506,109
18515,109
254,110
266,110
333,110
375,110
438,110
469,110
637,110
683,110
873,110
901,110
965,110
1013,110
1052,110
1054,110
1090,110
1127,110
1191,110
1421,110
1520,110
1601,110
1625,110
1904,110
2012,110
2137,110
2372,110
2549,110
2669,110
2693,110
2743,110
2888,110
2920,110
2945,110
2979,110
2998,110
3091,110
3168,110
3378,110
3438,110
3459,110
3479,110
3504,110
3569,110
3655,110
3733,110
3738,110
3866,110
3879,110
4048,110
4098,110
4169,110
4247,110
4258,110
4452,110
4498,110
4663,110
4711,110
4837,110
4858,110
4875,110
4882,110
4937,110
5005,110
5066,110
5318,110
5415,110
5430,110
5493,110
5605,110
5639,110
5767,110
5851,110
6103,110
6145,110
6148,110
6228,110
6322,110
6697,110
6858,110
6910,110
6940,110
6982,110
7045,110
7171,110
7200,110
7211,110
7419,110
7498,110
7521,110
7592,110
7660,110
7721,110
7936,110
8157,110
8162,110
8334,110
8524,110
8553,110
8578,110
8649,110
8656,110
8672,110
8676,110
8704,110
8762,110
8775,110
8867,110
8879,110
8992,110
9008,110
9220,110
9277,110
9393,110
9436,110
9523,110
9623,110
9649,110
9651,110
9658,110
9672,110
9756,110
9765,110
9772,110
9801,110
9935,110
10049,110
10093,110
10151,110
10175,110
10335,110
10496,110
10560,110
10790,110
10844,110
10888,110
10931,110
10984,110
11091,110
11126,110
11157,110
11164,110
11173,110
11730,110
11799,110
11853,110
11968,110
12006,110
12023,110
12058,110
12061,110
12182,110
12193,110
12340,110
12390,110
12462,110
12490,110
12521,110
12664,110
12665,110
12670,110
12678,110
12724,110
13001,110
13080,110
13221,110
13281,110
13386,110
13410,110
13460,110
13499,110
13520,110
13615,110
13663,110
13733,110
13997,110
14003,110
14019,110
14028,110
14090,110
14144,110
14217,110
14243,110
14250,110
14309,110
14379,110
14395,110
14443,110
14482,110
14483,110
14496,110
14792,110
15084,110
15154,110
15174,110
15179,110
15200,110
15224,110
15226,110
15232,110
15446,110
15553,110
15582,110
15679,110
15802,110
15807,110
15817,110
15848,110
15884,110
15934,110
16013,110
16056,110
16107,110
16112,110
16165,110
16205,110
16270,110
16328,110
16447,110
16455,110
16456,110
16474,110
16621,110
16756,110
16793,110
16813,110
16944,110
17027,110
17113,110
17125,110
17177,110
17182,110
17200,110
17226,110
17377,110
17515,110
17541,110
17597,110
17697,110
17698,110
17720,110
17799,110
17842,110
17913,110
17951,110
18118,110
18165,110
18526,110
18644,110
1514,111
2297,111
2576,111
2964,111
3758,111
3993,111
4722,111
5828,111
6174,111
6651,111
7744,111
8358,111
9161,111
9355,111
11293,111
11437,111
11760,111
12174,111
12241,111
12305,111
12417,111
12626,111
13091,111
13122,111
13818,111
14294,111
15109,111
15208,111
15325,111
15874,111
16346,111
16456,111
17646,111
17731,111
268,112
392,112
629,112
767,112
1052,112
1415,112
1466,112
2111,112
2183,112
2313,112
2965,112
3036,112
3459,112
4065,112
4136,112
4832,112
5346,112
5512,112
6033,112
6676,112
6750,112
7234,112
7235,112
7488,112
7993,112
8108,112
8155,112
9153,112
9380,112
10299,112
10322,112
10335,112
10428,112
11103,112
11150,112
11513,112
11549,112
12186,112
12563,112
12570,112
12582,112
13029,112
13216,112
13236,112
13281,112
13763,112
14791,112
15586,112
16144,112
16571,112
16732,112
17177,112
17744,112
18632,112
497,113
1022,113
1475,113
1590,113
1602,113
2417,113
2896,113
3281,113
3566,113
3628,113
3820,113
4229,113
4468,113
4728,113
5011,113
6099,113
6983,113
7010,113
7070,113
7422,113
7714,113
7791,113
8455,113
9973,113
10313,113
10790,113
11075,113
11229,113
11505,113
12461,113
12653,113
13260,113
14105,113
14118,113
14275,113
14288,113
14509,113
16102,113
16106,113
16941,113
17118,113
17147,113
17494,113
605,114
621,114
1218,114
2369,114
2603,114
2809,114
2870,114
4084,114
4570,114
4705,114
5216,114
6076,114
6269,114
6316,114
6970,114
7233,114
7253,114
7855,114
9291,114
9463,114
11112,114
11400,114
11428,114
11673,114
12690,114
13079,114
13985,114
14269,114
15367,114
15555,114
16264,114
16802,114
16837,114
16871,114
189,115
259,115
519,115
589,115
727,115
766,115
805,115
813,115
904,115
963,115
1105,115
1316,115
1476,115
1620,115
1688,115
1824,115
1861,115
2036,115
2105,115
2360,115
2554,115
2900,115
3311,115
3355,115
3509,115
3561,115
3637,115
3677,115
3835,115
3984,115
4317,115
4333,115
4565,115
4664,115
4728,115
4787,115
5056,115
5060,115
5349,115
5453,115
5667,115
5695,115
5747,115
5901,115
5931,115
5952,115
6146,115
6159,115
6179,115
6317,115
6387,115
6532,115
6996,115
7266,115
7312,115
7343,115
7380,115
7496,115
7702,115
8007,115
8325,115
8461,115
8829,115
9475,115
9726,115
10019,115
10130,115
10356,115
10389,115
10568,115
10763,115
10796,115
10814,115
10861,115
10884,115
11024,115
11566,115
11783,115
11910,115
12225,115
12388,115
12438,115
12777,115
12825,115
13082,115
13203,115
13260,115
13476,115
13602,115
14336,115
14492,115
14656,115
14793,115
15110,115
15481,115
15782,115
15970,115
16145,115
16255,115
16440,115
16518,115
16522,115
16568,115
16679,115
16991,115
17274,115
17306,115
17709,115
17788,115
17812,115
18204,115
18374,115
18559,115
18569,115
228,116
531,116
720,116
927,116
1055,116
1237,116
1403,116
1470,116
1663,116
1830,116
1908,116
1946,116
2166,116
2394,116
2494,116
2614,116
3017,116
3396,116
3538,116
3746,116
4064,116
4340,116
4549,116
4841,116
4898,116
5099,116
5700,116
5841,116
5994,116
6213,116
6322,116
6556,116
6778,116
7124,116
7139,116
7410,116
7426,116
7465,116
8069,116
8192,116
8284,116
8611,116
8676,116
8800,116
8929,116
8982,116
9000,116
9016,116
9103,116
9336,116
9490,116
9784,116
9933,116
10001,116
10225,116
10485,116
10996,116
11020,116
11051,116
11394,116
11409,116
11512,116
11593,116
12073,116
12192,116
12637,116
13203,116
14317,116
14542,116
14710,116
14756,116
14879,116
15143,116
15164,116
15335,116
15447,116
15556,116
15628,116
15790,116
16006,116
16082,116
16178,116
16282,116
16716,116
17027,116
17161,116
17741,116
18102,116
18282,116
18368,116
18452,116
767,117
851,117
1002,117
1078,117
1131,117
1514,117
1907,117
2494,117
3809,117
4402,117
4887,117
5508,117
6438,117
6685,117
7104,117
7173,117
7317,117
7336,117
7354,117
7684,117
7876,117
7992,117
8107,117
8201,117
8551,117
8653,117
8697,117
9909,117
10092,117
10635,117
11088,117
11679,117
12058,117
12149,117
12940,117
13275,117
13732,117
14266,117
14364,117
14949,117
15597,117
15633,117
16088,117
16112,117
16124,117
16813,117
17027,117
17175,117
17519,117
17534,117
17587,117
17846,117
18001,117
18261,117
235,118
289,118
290,118
320,118
344,118
362,118
440,118
796,118
837,118
1327,118
1522,118
1576,118
1613,118
1692,118
1707,118
1863,118
1977,118
2058,118
2241,118
2247,118
2304,118
2634,118
2861,118
3099,118
3561,118
3670,118
3764,118
3775,118
3863,118
3983,118
4077,118
4195,118
4251,118
4328,118
4398,118
4404,118
4502,118
4538,118
5071,118
5149,118
5215,118
5237,118
5246,118
5457,118
5472,118
5676,118
5755,118
5964,118
6008,118
6055,118
6080,118
6150,118
6228,118
6258,118
6291,118
6335,118
6457,118
6505,118
6580,118
6706,118
6863,118
6909,118
6926,118
6951,118
7036,118
7047,118
7069,118
7284,118
7310,118
7498,118
7506,118
7521,118
7550,118
7567,118
7600,118
7682,118
7940,118
7979,118
8017,118
8249,118
8254,118
8324,118
8368,118
8576,118
8630,118
8698,118
8768,118
8788,118
8821,118
8879,118
8938,118
9006,118
9094,118
9130,118
9264,118
9520,118
9537,118
9563,118
9566,118
9762,118
9766,118
9817,118
10008,118
10030,118
10080,118
10115,118
10368,118
10472,118
10540,118
10719,118
10835,118
10866,118
11031,118
11116,118
11171,118
11324,118
11800,118
12201,118
12307,118
12454,118
12584,118
12640,118
12704,118
12763,118
12825,118
12926,118
12964,118
13051,118
13119,118
13227,118
13238,118
13254,118
13321,118
13393,118
13670,118
13690,118
13748,118
13777,118
14008,118
14075,118
14154,118
14195,118
14319,118
14400,118
14418,118
14463,118
14492,118
14605,118
14749,118
14768,118
15046,118
15243,118
15252,118
15261,118
15286,118
15604,118
15629,118
15658,118
15686,118
15725,118
15737,118
15787,118
15804,118
16020,118
16085,118
16230,118
16353,118
16374,118
16493,118
16526,118
16610,118
16899,118
17042,118
17408,118
17544,118
17662,118
17680,118
17758,118
18010,118
18099,118
18220,118
18324,118
18338,118
18390,118
18391,118
18392,118
18445,118
18455,118
18483,118
18545,118
9352,119
569,120
1045,120
1428,120
1455,120
1689,120
3004,120
3462,120
3477,120
4126,120
4321,120
4415,120
4989,120
5313,120
5392,120
5705,120
6277,120
6968,120
7011,120
7116,120
7321,120
7435,120
7686,120
8164,120
8227,120
8441,120
8484,120
8644,120
9090,120
9702,120
9909,120
10039,120
10302,120
10537,120
10587,120
10949,120
11015,120
11050,120
11328,120
11612,120
11864,120
12087,120
12109,120
12324,120
12394,120
12629,120
12649,120
12783,120
12824,120
13335,120
13625,120
14932,120
15487,120
15504,120
15505,120
15636,120
15822,120
15882,120
15976,120
16151,120
16722,120
17027,120
17169,120
17702,120
18487,120
18519,120
18524,120
183,121
235,121
440,121
798,121
826,121
837,121
1500,121
1504,121
1524,121
1623,121
1989,121
2193,121
2310,121
2634,121
2851,121
2924,121
2971,121
3125,121
3596,121
3750,121
3783,121
3879,121
4160,121
4197,121
4268,121
4330,121
4473,121
4504,121
4715,121
4782,121
4990,121
5098,121
5136,121
5246,121
5446,121
5452,121
5478,121
5492,121
5517,121
5531,121
5581,121
6131,121
6394,121
6465,121
6622,121
6926,121
6963,121
7047,121
7351,121
7379,121
7383,121
7633,121
7639,121
7918,121
8011,121
8178,121
8601,121
8821,121
9055,121
9065,121
9330,121
9405,121
9571,121
9616,121
9775,121
10137,121
10704,121
10835,121
11136,121
11613,121
11705,121
11983,121
12025,121
12236,121
12377,121
12686,121
12901,121
13321,121
13393,121
13759,121
14271,121
14502,121
14525,121
14612,121
14904,121
15228,121
15243,121
15393,121
15456,121
15658,121
15775,121
15951,121
16350,121
16526,121
16599,121
16986,121
17554,121
17783,121
17822,121
18198,121
18201,121
18530,121
392,122
482,122
1393,122
3039,122
5518,122
6990,122
7091,122
7149,122
7488,122
8054,122
8603,122
9077,122
9123,122
9651,122
10081,122
10350,122
10689,122
10729,122
10949,122
12784,122
14328,122
15522,122
15882,122
16112,122
16151,122
16469,122
17065,122
820,123
1913,123
2392,123
4165,123
4248,123
5074,123
7338,123
8759,123
10911,123
11039,123
13200,123
13855,123
14474,123
15505,123
355,124
389,124
476,124
520,124
531,124
573,124
670,124
851,124
942,124
1238,124
1818,124
1843,124
2034,124
2095,124
2285,124
2522,124
2680,124
2709,124
2832,124
2861,124
3069,124
3259,124
3447,124
3450,124
3691,124
3755,124
3862,124
3954,124
4243,124
4257,124
4265,124
4737,124
4964,124
5152,124
5589,124
5634,124
5688,124
5934,124
6090,124
6244,124
6393,124
6653,124
7021,124
7032,124
7245,124
7888,124
7968,124
8391,124
8514,124
8716,124
8958,124
9115,124
9348,124
9512,124
9551,124
9969,124
10020,124
10138,124
10224,124
10368,124
10421,124
10427,124
10634,124
10816,124
10920,124
10928,124
11436,124
11852,124
12021,124
12392,124
12582,124
12601,124
12711,124
12916,124
13286,124
13633,124
13714,124
13821,124
13916,124
14224,124
14334,124
14365,124
14399,124
14515,124
14531,124
14566,124
14613,124
14690,124
14772,124
14774,124
14877,124
14950,124
15026,124
15029,124
15128,124
15176,124
15414,124
15439,124
15528,124
15611,124
16024,124
16107,124
16628,124
16749,124
16791,124
17090,124
17092,124
17421,124
17459,124
17940,124
18282,124
624,125
1595,125
1887,125
2076,125
2122,125
2478,125
2567,125
3082,125
3225,125
3598,125
3781,125
4121,125
4417,125
4469,125
4697,125
5422,125
5878,125
6297,125
6682,125
6920,125
7937,125
8579,125
8724,125
9481,125
9496,125
9834,125
9958,125
10292,125
10794,125
10878,125
10954,125
10993,125
11079,125
11674,125
11681,125
11885,125
12564,125
13007,125
13587,125
13794,125
14026,125
14867,125
14899,125
16392,125
16664,125
16811,125
17027,125
17864,125
17978,125
18302,125
18399,125
18458,125
3923,126
4660,126
5909,126
6379,126
6740,126
7570,126
8375,126
9748,126
10633,126
11521,126
11851,126
12281,126
12555,126
12797,126
13454,126
13499,126
14337,126
14655,126
14766,126
15926,126
16425,126
16953,126
17144,126
6323,127
9614,127
17747,127
180,128
316,128
409,128
572,128
727,128
954,128
1175,128
1359,128
1571,128
1627,128
1782,128